-- MySQL dump 10.13  Distrib 8.0.45, for Linux (x86_64)
--
-- Host: 127.0.0.1    Database: db_blue_erp
-- ------------------------------------------------------
-- Server version	8.0.32

/*!40101 SET @OLD_CHARACTER_SET_CLIENT=@@CHARACTER_SET_CLIENT */;
/*!40101 SET @OLD_CHARACTER_SET_RESULTS=@@CHARACTER_SET_RESULTS */;
/*!40101 SET @OLD_COLLATION_CONNECTION=@@COLLATION_CONNECTION */;
/*!50503 SET NAMES utf8mb4 */;
/*!40103 SET @OLD_TIME_ZONE=@@TIME_ZONE */;
/*!40103 SET TIME_ZONE='+00:00' */;
/*!40014 SET @OLD_UNIQUE_CHECKS=@@UNIQUE_CHECKS, UNIQUE_CHECKS=0 */;
/*!40014 SET @OLD_FOREIGN_KEY_CHECKS=@@FOREIGN_KEY_CHECKS, FOREIGN_KEY_CHECKS=0 */;
/*!40101 SET @OLD_SQL_MODE=@@SQL_MODE, SQL_MODE='NO_AUTO_VALUE_ON_ZERO' */;
/*!40111 SET @OLD_SQL_NOTES=@@SQL_NOTES, SQL_NOTES=0 */;

--
-- Table structure for table `_prisma_migrations`
--

DROP TABLE IF EXISTS `_prisma_migrations`;
/*!40101 SET @saved_cs_client     = @@character_set_client */;
/*!50503 SET character_set_client = utf8mb4 */;
CREATE TABLE `_prisma_migrations` (
  `id` varchar(36) CHARACTER SET utf8mb4 COLLATE utf8mb4_unicode_ci NOT NULL,
  `checksum` varchar(64) CHARACTER SET utf8mb4 COLLATE utf8mb4_unicode_ci NOT NULL,
  `finished_at` datetime(3) DEFAULT NULL,
  `migration_name` varchar(255) CHARACTER SET utf8mb4 COLLATE utf8mb4_unicode_ci NOT NULL,
  `logs` text CHARACTER SET utf8mb4 COLLATE utf8mb4_unicode_ci,
  `rolled_back_at` datetime(3) DEFAULT NULL,
  `started_at` datetime(3) NOT NULL DEFAULT CURRENT_TIMESTAMP(3),
  `applied_steps_count` int unsigned NOT NULL DEFAULT '0',
  PRIMARY KEY (`id`)
) ENGINE=InnoDB DEFAULT CHARSET=utf8mb4 COLLATE=utf8mb4_unicode_ci;
/*!40101 SET character_set_client = @saved_cs_client */;

--
-- Dumping data for table `_prisma_migrations`
--

LOCK TABLES `_prisma_migrations` WRITE;
/*!40000 ALTER TABLE `_prisma_migrations` DISABLE KEYS */;
INSERT INTO `_prisma_migrations` VALUES ('8e31e387-c582-4a17-a4d0-f05040f1b22f','78c69c19768272fb17dd124550c643b47c7ab86b1d1ece1fff96c8ef737fa30c','2026-04-24 20:44:18.114','20260424184554_init_database',NULL,NULL,'2026-04-24 20:44:14.336',1);
/*!40000 ALTER TABLE `_prisma_migrations` ENABLE KEYS */;
UNLOCK TABLES;

--
-- Table structure for table `categories`
--

DROP TABLE IF EXISTS `categories`;
/*!40101 SET @saved_cs_client     = @@character_set_client */;
/*!50503 SET character_set_client = utf8mb4 */;
CREATE TABLE `categories` (
  `id` int NOT NULL AUTO_INCREMENT,
  `name` varchar(191) CHARACTER SET utf8mb4 COLLATE utf8mb4_unicode_ci NOT NULL,
  `active` tinyint(1) NOT NULL DEFAULT '1',
  `created_at` datetime(3) NOT NULL DEFAULT CURRENT_TIMESTAMP(3),
  `updated_at` datetime(3) NOT NULL,
  PRIMARY KEY (`id`)
) ENGINE=InnoDB AUTO_INCREMENT=15 DEFAULT CHARSET=utf8mb4 COLLATE=utf8mb4_unicode_ci;
/*!40101 SET character_set_client = @saved_cs_client */;

--
-- Dumping data for table `categories`
--

LOCK TABLES `categories` WRITE;
/*!40000 ALTER TABLE `categories` DISABLE KEYS */;
INSERT INTO `categories` VALUES (1,'Entradas para Compartilhar',1,'2026-04-24 20:44:40.504','2026-04-24 20:44:40.504'),(2,'Seleção de Cortes',1,'2026-04-24 20:44:40.519','2026-04-24 20:44:40.519'),(3,'Especiais de Cordeiro, Aves & Suínos',1,'2026-04-24 20:44:40.532','2026-04-24 20:44:40.532'),(4,'Pasta & Brasa',1,'2026-04-24 20:44:40.544','2026-04-24 20:44:40.544'),(5,'Guarnições',1,'2026-04-24 20:44:40.557','2026-04-24 20:44:40.557'),(6,'Sandwiches & Fries',1,'2026-04-24 20:44:40.569','2026-04-24 20:44:40.569'),(7,'Drinks com Gin',1,'2026-04-24 20:44:40.582','2026-04-24 20:44:40.582'),(8,'Drinks sem Álcool',1,'2026-04-24 20:44:40.596','2026-04-24 20:44:40.596'),(9,'Sucos da Fruta',1,'2026-04-24 20:44:40.611','2026-04-24 20:44:40.611'),(10,'Bebidas',1,'2026-04-24 20:44:40.627','2026-04-24 20:44:40.627'),(11,'Drinks com Whisky',1,'2026-04-24 22:50:27.890','2026-04-24 22:50:27.890'),(12,'Vinhos',1,'2026-04-25 18:07:45.921','2026-04-25 18:07:45.921'),(13,'Espumantes',1,'2026-04-25 18:14:14.174','2026-04-25 18:14:14.174'),(14,'aperol',1,'2026-04-25 23:00:58.847','2026-04-25 23:00:58.847');
/*!40000 ALTER TABLE `categories` ENABLE KEYS */;
UNLOCK TABLES;

--
-- Table structure for table `clients`
--

DROP TABLE IF EXISTS `clients`;
/*!40101 SET @saved_cs_client     = @@character_set_client */;
/*!50503 SET character_set_client = utf8mb4 */;
CREATE TABLE `clients` (
  `id` int NOT NULL AUTO_INCREMENT,
  `name` varchar(191) CHARACTER SET utf8mb4 COLLATE utf8mb4_unicode_ci NOT NULL,
  `phone` varchar(191) CHARACTER SET utf8mb4 COLLATE utf8mb4_unicode_ci DEFAULT NULL,
  `address` varchar(191) CHARACTER SET utf8mb4 COLLATE utf8mb4_unicode_ci DEFAULT NULL,
  `cpf` varchar(191) CHARACTER SET utf8mb4 COLLATE utf8mb4_unicode_ci DEFAULT NULL,
  `active` tinyint(1) NOT NULL DEFAULT '1',
  `created_at` datetime(3) NOT NULL DEFAULT CURRENT_TIMESTAMP(3),
  `updated_at` datetime(3) NOT NULL,
  PRIMARY KEY (`id`),
  UNIQUE KEY `clients_cpf_key` (`cpf`),
  KEY `clients_cpf_idx` (`cpf`),
  KEY `clients_phone_idx` (`phone`),
  KEY `clients_active_idx` (`active`)
) ENGINE=InnoDB AUTO_INCREMENT=10 DEFAULT CHARSET=utf8mb4 COLLATE=utf8mb4_unicode_ci;
/*!40101 SET character_set_client = @saved_cs_client */;

--
-- Dumping data for table `clients`
--

LOCK TABLES `clients` WRITE;
/*!40000 ALTER TABLE `clients` DISABLE KEYS */;
INSERT INTO `clients` VALUES (1,'Consumidor Final',NULL,NULL,NULL,1,'2026-04-24 20:44:42.496','2026-04-24 20:44:42.496'),(2,'Rafaela Cardoso','48998191513','Primeiro de Maio, 228','81967683549',1,'2026-04-26 22:41:03.846','2026-04-26 22:41:03.846'),(3,'Pedro Henrique ','77991374707','Vomitamel, Flotiano Peixoto, 373','08715561542',1,'2026-04-26 22:42:50.567','2026-04-26 22:43:15.233'),(4,'Maria Luiza ','77999903283','Lauro de Freitas, 45, Aeroporto Velho','10452798540',1,'2026-04-26 22:44:51.099','2026-04-26 22:44:51.099'),(5,'Pedro Otavio','77998129257','Santos Drumont, Aeroporto Velho, 1034','10939438585',1,'2026-04-26 22:48:20.388','2026-04-26 22:48:20.388'),(6,'Caua Alexandre','77998683572','Novo Horizonte, Rua E, N101','52096397898',1,'2026-04-26 22:50:30.953','2026-04-26 22:50:30.953'),(7,'Andrei Lima Gomes Ramos','77999883383','Monte Azul, Rua i, N71','09214475580',1,'2026-04-26 22:53:59.327','2026-04-26 22:53:59.327'),(8,'Murillo Rodrigues','77997007444','São Francisco, Rua Urbino Pereira Donato, 878','03517587559',1,'2026-04-26 23:16:25.625','2026-04-26 23:16:25.625'),(9,'Luciana Guimarães','77588860656','Urbino Pereira Donato, São Francisco,878','77683277568',1,'2026-04-29 00:21:07.075','2026-04-29 00:21:07.075');
/*!40000 ALTER TABLE `clients` ENABLE KEYS */;
UNLOCK TABLES;

--
-- Table structure for table `companies`
--

DROP TABLE IF EXISTS `companies`;
/*!40101 SET @saved_cs_client     = @@character_set_client */;
/*!50503 SET character_set_client = utf8mb4 */;
CREATE TABLE `companies` (
  `id` int NOT NULL AUTO_INCREMENT,
  `cnpj` varchar(191) CHARACTER SET utf8mb4 COLLATE utf8mb4_unicode_ci NOT NULL,
  `corporate_name` varchar(191) CHARACTER SET utf8mb4 COLLATE utf8mb4_unicode_ci NOT NULL,
  `trade_name` varchar(191) CHARACTER SET utf8mb4 COLLATE utf8mb4_unicode_ci NOT NULL,
  `state_registration` varchar(191) CHARACTER SET utf8mb4 COLLATE utf8mb4_unicode_ci NOT NULL,
  `tax_regime` varchar(191) CHARACTER SET utf8mb4 COLLATE utf8mb4_unicode_ci NOT NULL,
  `street` varchar(191) CHARACTER SET utf8mb4 COLLATE utf8mb4_unicode_ci NOT NULL,
  `number` varchar(191) CHARACTER SET utf8mb4 COLLATE utf8mb4_unicode_ci NOT NULL,
  `complement` varchar(191) CHARACTER SET utf8mb4 COLLATE utf8mb4_unicode_ci DEFAULT NULL,
  `neighborhood` varchar(191) CHARACTER SET utf8mb4 COLLATE utf8mb4_unicode_ci NOT NULL,
  `city` varchar(191) CHARACTER SET utf8mb4 COLLATE utf8mb4_unicode_ci NOT NULL,
  `city_code` varchar(191) CHARACTER SET utf8mb4 COLLATE utf8mb4_unicode_ci NOT NULL,
  `state` varchar(191) CHARACTER SET utf8mb4 COLLATE utf8mb4_unicode_ci NOT NULL,
  `zip_code` varchar(191) CHARACTER SET utf8mb4 COLLATE utf8mb4_unicode_ci NOT NULL,
  `phone` varchar(191) CHARACTER SET utf8mb4 COLLATE utf8mb4_unicode_ci NOT NULL,
  `email` varchar(191) CHARACTER SET utf8mb4 COLLATE utf8mb4_unicode_ci DEFAULT NULL,
  `nfce_series` varchar(191) CHARACTER SET utf8mb4 COLLATE utf8mb4_unicode_ci NOT NULL,
  `nfce_current_number` int NOT NULL DEFAULT '1',
  `nfce_environment` varchar(191) CHARACTER SET utf8mb4 COLLATE utf8mb4_unicode_ci NOT NULL DEFAULT 'staging',
  `nfce_csc` varchar(191) CHARACTER SET utf8mb4 COLLATE utf8mb4_unicode_ci NOT NULL,
  `nfce_csc_id` varchar(191) CHARACTER SET utf8mb4 COLLATE utf8mb4_unicode_ci NOT NULL,
  `certificate_path` varchar(191) CHARACTER SET utf8mb4 COLLATE utf8mb4_unicode_ci NOT NULL,
  `certificate_password` varchar(191) CHARACTER SET utf8mb4 COLLATE utf8mb4_unicode_ci NOT NULL,
  `certificate_expiration_date` datetime(3) DEFAULT NULL,
  `ibpt_version` varchar(191) CHARACTER SET utf8mb4 COLLATE utf8mb4_unicode_ci NOT NULL DEFAULT '4.0',
  `license_key` varchar(191) CHARACTER SET utf8mb4 COLLATE utf8mb4_unicode_ci NOT NULL,
  `license_token` text CHARACTER SET utf8mb4 COLLATE utf8mb4_unicode_ci,
  `created_at` datetime(3) NOT NULL DEFAULT CURRENT_TIMESTAMP(3),
  `updated_at` datetime(3) NOT NULL,
  PRIMARY KEY (`id`),
  UNIQUE KEY `companies_cnpj_key` (`cnpj`)
) ENGINE=InnoDB AUTO_INCREMENT=2 DEFAULT CHARSET=utf8mb4 COLLATE=utf8mb4_unicode_ci;
/*!40101 SET character_set_client = @saved_cs_client */;

--
-- Dumping data for table `companies`
--

LOCK TABLES `companies` WRITE;
/*!40000 ALTER TABLE `companies` DISABLE KEYS */;
INSERT INTO `companies` VALUES (1,'66182168000173','CASA DO LAGO EVENTOS E ENTRETERIMENTO LTDA','CASA DO LAGO EVENTOS','123456789','1','R URBINO PEREIRA DONATO','878','Loja 1','SAO FRANCISCO','GUANAMBI','2911709','BA','46430000','77988860656','LUCIANAGBI@YAHOO.COM.BR','1',1,'staging','HOMOLOGACAO-CSC-EXEMPLO','1','/certificates/bomsabor.pfx','certificado123','2026-12-31 00:00:00.000','4.0','b6a63bc12098bbc81b16e5cc4c8e5dcb8d7506aa8b9a57cc56d72f4d677f13ef','eyJhbGciOiJSUzI1NiIsInR5cCI6IkpXVCJ9.eyJjb21wYW55SWQiOjMsImNucGoiOiI2NjE4MjE2ODAwMDE3MyIsInBsYW4iOiJwcm8iLCJsaWNlbnNlVmFsaWRVbnRpbCI6MTc4MDI3MjAwMDAwMCwibWF4T2ZmbGluZURheXMiOjUsImlhdCI6MTc3NzQzMDI5OCwiZXhwIjoxNzc3ODYyMjk4LCJpc3MiOiJibHVlLXBkdi1saWNlbnNpbmciLCJzdWIiOiIzIn0.aWEeJurhcN6n6PeX439h_raqBO00X_RBV43gtVoxappIZQz8pudAN6o1jXnur-wDVbstMd1Z0Xlm5SEf2EyAMZ4UNnXmHeoD7x-6ayVbDKbhjOMHv3djlyV0VrutXtiPOXVZUYrM-mbYsIYU3XfUT8E6n5RORfjyglo5bZC64UZBowr8VeiRqrCtZfHnCY_UXi49_Z9s0ghR9ukgWuUrqD8K7fZAlxJNVJ4rzKYkSHUdOOxez97xLMRKvgXhg9mDgwfnn0miOpURk4I3E8-6uR-xWHfiUDOZfeKj_endpnxMI0kksORoeD2RvUFzTONQ3M40ETF0FDeboRcTWELSBw','2026-04-24 20:44:39.466','2026-04-29 02:38:16.935');
/*!40000 ALTER TABLE `companies` ENABLE KEYS */;
UNLOCK TABLES;

--
-- Table structure for table `composition_items`
--

DROP TABLE IF EXISTS `composition_items`;
/*!40101 SET @saved_cs_client     = @@character_set_client */;
/*!50503 SET character_set_client = utf8mb4 */;
CREATE TABLE `composition_items` (
  `id` int NOT NULL AUTO_INCREMENT,
  `quantity` decimal(10,3) NOT NULL,
  `product_id` int NOT NULL,
  `material_id` int DEFAULT NULL,
  `sub_product_id` int DEFAULT NULL,
  `created_at` datetime(3) NOT NULL DEFAULT CURRENT_TIMESTAMP(3),
  `updated_at` datetime(3) NOT NULL,
  PRIMARY KEY (`id`),
  UNIQUE KEY `composition_items_product_id_material_id_key` (`product_id`,`material_id`),
  UNIQUE KEY `composition_items_product_id_sub_product_id_key` (`product_id`,`sub_product_id`),
  KEY `composition_items_product_id_idx` (`product_id`),
  KEY `composition_items_material_id_idx` (`material_id`),
  KEY `composition_items_sub_product_id_idx` (`sub_product_id`),
  CONSTRAINT `composition_items_material_id_fkey` FOREIGN KEY (`material_id`) REFERENCES `primary_materials` (`id`) ON DELETE RESTRICT ON UPDATE CASCADE,
  CONSTRAINT `composition_items_product_id_fkey` FOREIGN KEY (`product_id`) REFERENCES `products` (`id`) ON DELETE CASCADE ON UPDATE CASCADE,
  CONSTRAINT `composition_items_sub_product_id_fkey` FOREIGN KEY (`sub_product_id`) REFERENCES `products` (`id`) ON DELETE RESTRICT ON UPDATE CASCADE
) ENGINE=InnoDB DEFAULT CHARSET=utf8mb4 COLLATE=utf8mb4_unicode_ci;
/*!40101 SET character_set_client = @saved_cs_client */;

--
-- Dumping data for table `composition_items`
--

LOCK TABLES `composition_items` WRITE;
/*!40000 ALTER TABLE `composition_items` DISABLE KEYS */;
/*!40000 ALTER TABLE `composition_items` ENABLE KEYS */;
UNLOCK TABLES;

--
-- Table structure for table `expenses`
--

DROP TABLE IF EXISTS `expenses`;
/*!40101 SET @saved_cs_client     = @@character_set_client */;
/*!50503 SET character_set_client = utf8mb4 */;
CREATE TABLE `expenses` (
  `id` int NOT NULL AUTO_INCREMENT,
  `supplier` varchar(191) CHARACTER SET utf8mb4 COLLATE utf8mb4_unicode_ci NOT NULL,
  `description` varchar(191) CHARACTER SET utf8mb4 COLLATE utf8mb4_unicode_ci DEFAULT NULL,
  `value` decimal(10,2) NOT NULL,
  `date_payment` datetime(3) NOT NULL,
  `status` varchar(191) CHARACTER SET utf8mb4 COLLATE utf8mb4_unicode_ci NOT NULL,
  `created_at` datetime(3) NOT NULL DEFAULT CURRENT_TIMESTAMP(3),
  `updated_at` datetime(3) NOT NULL,
  `deleted_at` datetime(3) DEFAULT NULL,
  PRIMARY KEY (`id`),
  KEY `expenses_supplier_idx` (`supplier`),
  KEY `expenses_status_idx` (`status`),
  KEY `expenses_date_payment_idx` (`date_payment`)
) ENGINE=InnoDB DEFAULT CHARSET=utf8mb4 COLLATE=utf8mb4_unicode_ci;
/*!40101 SET character_set_client = @saved_cs_client */;

--
-- Dumping data for table `expenses`
--

LOCK TABLES `expenses` WRITE;
/*!40000 ALTER TABLE `expenses` DISABLE KEYS */;
/*!40000 ALTER TABLE `expenses` ENABLE KEYS */;
UNLOCK TABLES;

--
-- Table structure for table `ibpt`
--

DROP TABLE IF EXISTS `ibpt`;
/*!40101 SET @saved_cs_client     = @@character_set_client */;
/*!50503 SET character_set_client = utf8mb4 */;
CREATE TABLE `ibpt` (
  `id` int NOT NULL AUTO_INCREMENT,
  `ncm` varchar(191) CHARACTER SET utf8mb4 COLLATE utf8mb4_unicode_ci NOT NULL,
  `federal_tax_rate` double NOT NULL,
  `state_tax_rate` double NOT NULL,
  `municipal_tax_rate` double NOT NULL,
  `version` varchar(191) CHARACTER SET utf8mb4 COLLATE utf8mb4_unicode_ci NOT NULL DEFAULT '4.0',
  `created_at` datetime(3) NOT NULL DEFAULT CURRENT_TIMESTAMP(3),
  `updated_at` datetime(3) NOT NULL,
  PRIMARY KEY (`id`),
  KEY `ibpt_ncm_idx` (`ncm`),
  KEY `ibpt_version_idx` (`version`)
) ENGINE=InnoDB DEFAULT CHARSET=utf8mb4 COLLATE=utf8mb4_unicode_ci;
/*!40101 SET character_set_client = @saved_cs_client */;

--
-- Dumping data for table `ibpt`
--

LOCK TABLES `ibpt` WRITE;
/*!40000 ALTER TABLE `ibpt` DISABLE KEYS */;
/*!40000 ALTER TABLE `ibpt` ENABLE KEYS */;
UNLOCK TABLES;

--
-- Table structure for table `order_items`
--

DROP TABLE IF EXISTS `order_items`;
/*!40101 SET @saved_cs_client     = @@character_set_client */;
/*!50503 SET character_set_client = utf8mb4 */;
CREATE TABLE `order_items` (
  `id` int NOT NULL AUTO_INCREMENT,
  `code` varchar(191) CHARACTER SET utf8mb4 COLLATE utf8mb4_unicode_ci NOT NULL,
  `name` varchar(191) CHARACTER SET utf8mb4 COLLATE utf8mb4_unicode_ci NOT NULL,
  `quantity` decimal(10,3) NOT NULL,
  `unit_price` decimal(10,2) NOT NULL,
  `total` decimal(10,2) NOT NULL,
  `kitchen_ready_at` datetime(3) DEFAULT NULL,
  `order_id` int NOT NULL,
  `product_id` int NOT NULL,
  `observation` varchar(191) CHARACTER SET utf8mb4 COLLATE utf8mb4_unicode_ci DEFAULT NULL,
  `created_at` datetime(3) NOT NULL DEFAULT CURRENT_TIMESTAMP(3),
  `updated_at` datetime(3) NOT NULL,
  PRIMARY KEY (`id`),
  KEY `order_items_order_id_idx` (`order_id`),
  KEY `order_items_product_id_idx` (`product_id`),
  CONSTRAINT `order_items_order_id_fkey` FOREIGN KEY (`order_id`) REFERENCES `orders` (`id`) ON DELETE CASCADE ON UPDATE CASCADE,
  CONSTRAINT `order_items_product_id_fkey` FOREIGN KEY (`product_id`) REFERENCES `products` (`id`) ON DELETE RESTRICT ON UPDATE CASCADE
) ENGINE=InnoDB AUTO_INCREMENT=489 DEFAULT CHARSET=utf8mb4 COLLATE=utf8mb4_unicode_ci;
/*!40101 SET character_set_client = @saved_cs_client */;

--
-- Dumping data for table `order_items`
--

LOCK TABLES `order_items` WRITE;
/*!40000 ALTER TABLE `order_items` DISABLE KEYS */;
INSERT INTO `order_items` VALUES (1,'GUA008','Arroz Branco',1.000,10.00,10.00,'2026-04-24 22:28:52.582',1,42,'ra','2026-04-24 22:24:42.951','2026-04-24 22:28:52.583'),(2,'DRG011','Caipirinha',1.000,18.00,18.00,'2026-04-24 22:28:53.572',1,59,'hgfhf','2026-04-24 22:25:23.928','2026-04-24 22:28:53.573'),(3,'BEB016','Amstel 600ml',6.000,14.00,84.00,NULL,3,82,'1 copo','2026-04-24 22:31:30.528','2026-04-25 02:57:54.715'),(5,'BEB011','Água com Gás',1.000,7.00,7.00,NULL,2,77,'Ok','2026-04-24 22:35:16.489','2026-04-24 22:35:16.489'),(6,'DRG011','Caipirinha',1.000,18.00,18.00,'2026-04-27 16:09:45.725',3,59,',,','2026-04-24 22:41:01.020','2026-04-27 16:09:45.726'),(7,'COR008','Fraldinha Fugazzetta Black Angus',1.000,109.00,109.00,'2026-04-24 23:13:00.548',5,26,'., Ao ponto, Ok','2026-04-24 22:43:33.849','2026-04-25 01:20:52.081'),(8,'BEB011','Água com Gás',1.000,7.00,7.00,NULL,5,77,'copo gelo e limão, Ok','2026-04-24 22:43:33.854','2026-04-25 01:20:52.084'),(9,'GUA003','Mandioca Cremosa',1.000,10.00,10.00,'2026-04-24 23:13:04.562',5,37,'., Ok','2026-04-24 22:43:33.860','2026-04-25 01:20:52.087'),(10,'BEB005','Red Bull Tradicional',1.000,15.00,15.00,NULL,5,71,'Ok','2026-04-24 22:52:33.527','2026-04-25 01:20:52.089'),(11,'BEB011','Água com Gás',2.000,7.00,14.00,NULL,7,77,'Ok','2026-04-24 22:53:12.646','2026-04-25 00:29:49.081'),(12,'BEB012','Heineken Longneck',2.000,12.00,24.00,NULL,7,78,'Ok','2026-04-24 22:53:12.652','2026-04-25 00:29:49.085'),(13,'BEB009','Água Tônica',1.000,7.00,7.00,NULL,6,75,'com limão e gelo vodka a','2026-04-24 22:53:13.179','2026-04-25 01:55:28.090'),(15,'COR006','Baby Beef',1.000,105.00,105.00,'2026-04-24 23:14:33.012',3,24,'Ao ponto menos','2026-04-24 23:00:33.777','2026-04-25 02:57:54.721'),(17,'BEB016','Amstel 600ml',1.000,14.00,14.00,NULL,8,82,'3 copos ','2026-04-24 23:09:32.115','2026-04-25 01:16:17.756'),(18,'BEB012','Heineken Longneck',1.000,12.00,12.00,NULL,8,78,'copo','2026-04-24 23:09:32.123','2026-04-25 01:16:17.760'),(21,'BEB016','Amstel 600ml',3.000,14.00,42.00,NULL,9,82,'²c','2026-04-24 23:09:42.843','2026-04-25 00:19:49.220'),(22,'BEB011','Água com Gás',3.000,7.00,21.00,NULL,11,77,'Ok','2026-04-24 23:13:16.068','2026-04-25 01:18:01.943'),(23,'PROD-0093','Whisky Old Par',4.000,28.00,112.00,NULL,11,93,'Ok','2026-04-24 23:13:16.076','2026-04-25 01:18:01.946'),(25,'DRG003','Gin Tropical',1.000,32.00,32.00,'2026-04-27 16:09:46.559',11,51,'Ok','2026-04-24 23:15:56.793','2026-04-27 16:09:46.560'),(26,'ENT010','Pão de Alho da Parrilla',1.000,21.00,21.00,'2026-04-24 23:43:12.657',10,10,',,','2026-04-24 23:16:46.382','2026-04-25 00:18:49.377'),(27,'COR007','Mignon ao Blue Cheese',1.000,110.00,110.00,'2026-04-24 23:46:33.976',10,25,'Ao ponto pra mais ','2026-04-24 23:17:58.398','2026-04-25 00:18:49.383'),(28,'BEB002','Coca-Cola',1.000,6.00,6.00,NULL,10,68,'..','2026-04-24 23:17:58.402','2026-04-25 00:18:49.387'),(29,'SUC004','Suco de Graviola',1.000,14.00,14.00,'2026-04-27 16:09:47.316',11,66,'Ok','2026-04-24 23:19:09.140','2026-04-27 16:09:47.317'),(30,'BEB010','Água Mineral',1.000,6.00,6.00,NULL,5,76,'Ok','2026-04-24 23:21:18.275','2026-04-25 01:20:52.092'),(31,'SAN005','Cupim Sandwich',1.000,34.00,34.00,'2026-04-24 23:46:41.476',4,48,'..','2026-04-24 23:21:59.448','2026-04-24 23:48:52.522'),(32,'ENT014','Bolinho de Rabada',3.000,40.00,120.00,'2026-04-25 00:32:50.302',7,14,'Ok','2026-04-24 23:22:30.218','2026-04-25 00:32:50.303'),(33,'ENT013','Bolinho de Cupim',3.000,36.00,108.00,'2026-04-25 00:32:44.654',7,13,'Ok','2026-04-24 23:22:30.222','2026-04-25 00:32:44.655'),(34,'BEB003','Guaraná Zero',1.000,6.00,6.00,NULL,4,69,'..','2026-04-24 23:22:36.882','2026-04-24 23:48:52.525'),(35,'DRG002','Gin Melancia',2.000,32.00,64.00,'2026-04-27 16:09:50.914',12,50,',,','2026-04-24 23:24:32.377','2026-04-27 16:09:50.915'),(36,'DRG003','Gin Tropical',3.000,32.00,96.00,'2026-04-27 16:09:50.239',12,51,',,','2026-04-24 23:24:32.382','2026-04-27 16:09:50.240'),(37,'PROD-0096','DOSE ABSOLUT',4.000,25.00,100.00,NULL,6,96,'gelo e limão ','2026-04-24 23:30:02.324','2026-04-25 01:55:28.094'),(38,'SUC003','Suco de Morango',2.000,14.00,28.00,'2026-04-27 16:10:02.538',6,65,'..','2026-04-24 23:31:20.427','2026-04-27 16:10:02.539'),(39,'PROD-0099','DOSE  OLD PARR',5.000,30.00,150.00,NULL,13,99,'4 pedras de gelo ','2026-04-24 23:32:07.150','2026-04-25 01:41:30.993'),(40,'BEB011','Água com Gás',2.000,7.00,14.00,NULL,13,77,'gelo e limão','2026-04-24 23:32:07.157','2026-04-25 01:41:31.002'),(41,'ENT013','Bolinho de Cupim',1.000,36.00,36.00,'2026-04-24 23:46:01.605',11,13,'Ok','2026-04-24 23:32:11.271','2026-04-25 01:18:01.955'),(42,'ENT014','Bolinho de Rabada',1.000,40.00,40.00,'2026-04-24 23:44:42.699',11,14,'Ok','2026-04-24 23:32:11.276','2026-04-25 01:18:01.958'),(43,'ENT006','Fritas Flambadas com Cheddar e Bacon',1.000,45.00,45.00,'2026-04-24 23:44:55.346',11,6,'Ok','2026-04-24 23:32:11.281','2026-04-25 01:18:01.960'),(44,'ENT013','Bolinho de Cupim',1.000,36.00,36.00,'2026-04-24 23:47:21.540',12,13,',,','2026-04-24 23:35:46.373','2026-04-25 00:04:07.313'),(45,'ENT014','Bolinho de Rabada',1.000,40.00,40.00,'2026-04-24 23:47:22.748',12,14,',,','2026-04-24 23:35:46.379','2026-04-25 00:04:07.316'),(46,'ENT006','Fritas Flambadas com Cheddar e Bacon',1.000,45.00,45.00,'2026-04-24 23:47:24.514',12,6,' ,,','2026-04-24 23:35:46.383','2026-04-25 00:04:07.319'),(47,'ENT014','Bolinho de Rabada',1.000,40.00,40.00,'2026-04-24 23:51:15.295',13,14,'.. ','2026-04-24 23:39:21.348','2026-04-25 01:41:31.004'),(48,'ESP004','Filé de Sobrecoxa',1.000,70.00,70.00,'2026-04-24 23:54:07.241',8,30,'Ok','2026-04-24 23:40:30.455','2026-04-25 01:16:17.762'),(49,'BEB011','Água com Gás',2.000,7.00,14.00,NULL,8,77,'Ok','2026-04-24 23:40:30.460','2026-04-25 01:16:17.765'),(50,'BEB001','Coca-Cola Zero',2.000,6.00,12.00,NULL,7,67,'Ok','2026-04-24 23:41:18.736','2026-04-25 00:29:49.094'),(51,'BEB011','Água com Gás',2.000,7.00,14.00,NULL,14,77,'..','2026-04-24 23:43:25.833','2026-04-25 04:21:56.986'),(52,'BEB010','Água Mineral',1.000,6.00,6.00,NULL,12,76,'copo','2026-04-24 23:45:46.138','2026-04-25 00:04:07.322'),(53,'ENT016','Fish & Chips',1.000,60.00,60.00,'2026-04-24 23:59:13.935',4,16,'..','2026-04-24 23:48:21.768','2026-04-24 23:59:13.936'),(54,'BEB002','Coca-Cola',1.000,6.00,6.00,NULL,4,68,'..','2026-04-24 23:48:52.532','2026-04-24 23:48:52.532'),(55,'SUC003','Suco de Morango',1.000,14.00,14.00,'2026-04-27 16:09:51.523',15,65,'.. ','2026-04-24 23:49:14.354','2026-04-27 16:09:51.524'),(56,'BEB001','Coca-Cola Zero',2.000,6.00,12.00,NULL,15,67,'gelo e limão','2026-04-24 23:49:14.359','2026-04-25 00:46:39.898'),(57,'PROD-0096','DOSE ABSOLUT',3.000,25.00,75.00,NULL,5,96,'não fazer ','2026-04-24 23:49:45.891','2026-04-25 01:20:52.094'),(58,'BEB003','Guaraná Zero',1.000,6.00,6.00,NULL,16,69,'..','2026-04-24 23:54:39.791','2026-04-25 00:25:26.221'),(59,'BEB002','Coca-Cola',1.000,6.00,6.00,NULL,16,68,'..','2026-04-24 23:54:39.797','2026-04-25 00:25:26.226'),(60,'BEB016','Amstel 600ml',1.000,14.00,14.00,NULL,16,82,'..','2026-04-24 23:54:39.803','2026-04-25 00:25:26.228'),(61,'ENT013','Bolinho de Cupim',1.000,36.00,36.00,'2026-04-24 23:59:26.905',15,13,'.. ','2026-04-24 23:54:56.578','2026-04-25 00:46:39.904'),(62,'PROD-0099','DOSE  OLD PARR',2.000,30.00,60.00,NULL,11,99,'mais gelo a parte','2026-04-24 23:56:35.912','2026-04-25 01:18:01.963'),(63,'BEB002','Coca-Cola',4.000,6.00,24.00,NULL,11,68,'gelo e limao','2026-04-24 23:56:35.918','2026-04-25 01:18:01.965'),(64,'PROD-0088','SHOT DE LIMAO',1.000,3.00,3.00,NULL,11,88,',,','2026-04-24 23:56:35.924','2026-04-25 01:18:01.973'),(65,'DRG003','Gin Tropical',1.000,32.00,32.00,'2026-04-27 16:09:52.048',17,51,'Ok','2026-04-24 23:56:58.196','2026-04-27 16:09:52.049'),(66,'BEB013','Heineken 600ml',1.000,20.00,20.00,NULL,17,79,'Ok','2026-04-24 23:56:58.200','2026-04-25 00:08:47.497'),(67,'PROD-0095','Whishk Red Label',20.000,20.00,400.00,NULL,14,95,'..','2026-04-24 23:58:54.271','2026-04-25 04:21:56.991'),(68,'DRG006','Daiquiri',1.000,35.00,35.00,'2026-04-27 16:09:52.924',12,54,',,','2026-04-25 00:04:07.326','2026-04-27 16:09:52.925'),(69,'BEB001','Coca-Cola Zero',1.000,6.00,6.00,NULL,12,67,'gelo e limão ','2026-04-25 00:04:07.331','2026-04-25 00:04:07.331'),(70,'COR008','Fraldinha Fugazzetta Black Angus',1.000,109.00,109.00,'2026-04-25 00:33:07.947',12,26,'Ao ponto','2026-04-25 00:04:07.336','2026-04-25 00:33:07.948'),(71,'ENT004','Beef Tartare',1.000,55.00,55.00,'2026-04-25 00:29:21.371',14,4,'cortado em tiras ','2026-04-25 00:04:43.019','2026-04-25 04:21:56.997'),(72,'PROD-0101','agua de coco',2.000,9.00,18.00,NULL,11,101,'2ik','2026-04-25 00:04:54.230','2026-04-25 01:18:01.975'),(73,'ENT013','Bolinho de Cupim',2.000,36.00,72.00,'2026-04-25 01:55:47.351',14,13,'..','2026-04-25 00:05:17.724','2026-04-25 04:21:56.999'),(74,'PROD-0101','agua de coco',1.000,9.00,9.00,NULL,14,101,'..','2026-04-25 00:06:18.164','2026-04-25 04:21:57.002'),(75,'ENT004','Beef Tartare',1.000,55.00,55.00,'2026-04-25 00:29:29.201',17,4,'Ok','2026-04-25 00:08:47.501','2026-04-25 00:29:29.202'),(76,'COR004','Picanha Nelore',2.000,110.00,220.00,'2026-04-25 00:29:26.159',18,22,'SEM NADA DE MANTEIGA! ','2026-04-25 00:10:46.966','2026-04-25 00:29:26.160'),(77,'BEB002','Coca-Cola',2.000,6.00,12.00,NULL,18,68,'1 gelo e limao','2026-04-25 00:12:52.136','2026-04-25 00:12:52.136'),(78,'BEB003','Guaraná Zero',1.000,6.00,6.00,NULL,18,69,'3   só gelo','2026-04-25 00:12:52.142','2026-04-25 00:12:52.142'),(79,'BEB011','Água com Gás',1.000,7.00,7.00,NULL,18,77,'gelo a limão','2026-04-25 00:12:52.147','2026-04-25 00:12:52.147'),(80,'COR004','Picanha Nelore',1.000,110.00,110.00,'2026-04-25 00:32:35.667',20,22,'bem passado','2026-04-25 00:15:20.060','2026-04-25 00:32:35.668'),(81,'PROD-0101','agua de coco',1.000,9.00,9.00,NULL,20,101,'copo','2026-04-25 00:15:20.065','2026-04-25 00:15:20.065'),(82,'SUC001','Suco de Abacaxi',1.000,14.00,14.00,'2026-04-27 16:09:53.434',20,63,'pouco açúcar ','2026-04-25 00:15:20.071','2026-04-27 16:09:53.434'),(84,'COR007','Mignon ao Blue Cheese',1.000,110.00,110.00,'2026-04-25 00:29:44.265',13,25,'ao ponto pra menos','2026-04-25 00:16:37.154','2026-04-25 01:41:31.007'),(85,'PROD-0100','CHOPP DE HEINEKEN',3.000,25.00,75.00,NULL,13,100,',,','2026-04-25 00:16:37.158','2026-04-25 01:41:31.009'),(86,'SAN001','Sandwich Mignon',2.000,35.00,70.00,'2026-04-25 00:38:48.686',9,44,'..','2026-04-25 00:17:43.935','2026-04-25 00:38:48.687'),(87,'SAN001','Sandwich Mignon',2.000,35.00,70.00,'2026-04-25 02:08:42.308',6,44,'..','2026-04-25 00:20:59.042','2026-04-25 02:08:42.309'),(88,'BEB010','Água Mineral',1.000,6.00,6.00,NULL,3,76,'copo','2026-04-25 00:21:36.260','2026-04-25 02:57:54.724'),(89,'BEB001','Coca-Cola Zero',3.000,6.00,18.00,NULL,6,67,'..','2026-04-25 00:21:50.317','2026-04-25 01:55:28.106'),(90,'ENT018','Cordeiro de Sol',1.000,65.00,65.00,'2026-04-25 00:49:25.168',6,18,'..','2026-04-25 00:24:55.052','2026-04-25 01:55:28.109'),(91,'COR004','Picanha Nelore',1.000,110.00,110.00,'2026-04-25 00:48:31.130',15,22,'ao ponto','2026-04-25 00:26:41.253','2026-04-25 00:48:31.131'),(93,'ENT017','Camarão Fuego',3.000,89.00,267.00,'2026-04-25 04:25:58.473',14,17,'..','2026-04-25 00:30:19.329','2026-04-25 04:25:58.474'),(94,'COR006','Baby Beef',2.000,105.00,210.00,'2026-04-25 01:08:17.552',11,24,'mau passada','2026-04-25 00:41:17.392','2026-04-25 01:18:01.978'),(95,'ENT018','Cordeiro de Sol',1.000,65.00,65.00,'2026-04-25 00:56:44.620',11,18,'Ao ponto','2026-04-25 00:41:17.397','2026-04-25 01:18:01.980'),(96,'COR004','Picanha Nelore',1.000,110.00,110.00,'2026-04-25 01:14:34.604',11,22,'Ao ponto','2026-04-25 00:41:48.373','2026-04-25 01:18:01.983'),(97,'ENT013','Bolinho de Cupim',1.000,36.00,36.00,'2026-04-25 01:14:50.036',22,13,'.. ','2026-04-25 00:41:49.536','2026-04-25 03:42:15.859'),(98,'DRG004','Martini',1.000,32.00,32.00,'2026-04-27 16:09:54.332',21,52,',,','2026-04-25 00:42:00.606','2026-04-27 16:09:54.333'),(99,'DRG002','Gin Melancia',4.000,32.00,128.00,'2026-04-27 16:10:01.622',21,50,'Ok','2026-04-25 00:42:00.610','2026-04-27 16:10:01.623'),(100,'COR005','Maminha com Fonduta de Queijos',1.000,110.00,110.00,'2026-04-25 01:24:01.078',21,23,'Bem passada','2026-04-25 00:42:00.615','2026-04-25 03:49:15.449'),(101,'ENT006','Fritas Flambadas com Cheddar e Bacon',1.000,45.00,45.00,'2026-04-25 01:23:52.839',21,6,'ir primeiro que a maminha','2026-04-25 00:42:00.620','2026-04-25 03:49:15.452'),(102,'SAN004','Brisket Sandwich',1.000,32.00,32.00,'2026-04-25 01:30:04.289',21,47,'.. ','2026-04-25 00:44:09.050','2026-04-25 03:49:15.454'),(103,'BEB003','Guaraná Zero',1.000,6.00,6.00,NULL,21,69,'só gelo','2026-04-25 00:47:44.916','2026-04-25 03:49:15.457'),(104,'BEB011','Água com Gás',1.000,7.00,7.00,NULL,21,77,'copo gelo e shot de limão','2026-04-25 00:47:44.921','2026-04-25 03:49:15.460'),(105,'PROD-0087','SODA ITALIANA',4.000,17.00,68.00,NULL,24,87,'..','2026-04-25 00:49:09.530','2026-04-25 03:38:59.471'),(106,'BEB011','Água com Gás',3.000,7.00,21.00,NULL,24,77,'..','2026-04-25 00:49:33.697','2026-04-25 03:38:59.474'),(107,'BEB015','Praya',4.000,14.00,56.00,NULL,23,81,'.. ','2026-04-25 00:50:10.269','2026-04-25 01:48:21.816'),(108,'ENT013','Bolinho de Cupim',1.000,36.00,36.00,'2026-04-25 01:14:53.691',23,13,'.. ','2026-04-25 00:51:00.405','2026-04-25 01:48:21.822'),(109,'COR006','Baby Beef',1.000,105.00,105.00,'2026-04-25 01:31:54.595',23,24,'AO PONTO','2026-04-25 00:51:00.409','2026-04-25 01:48:21.826'),(110,'BEB003','Guaraná Zero',1.000,6.00,6.00,NULL,23,69,'gelo e limao','2026-04-25 00:51:18.802','2026-04-25 01:48:21.829'),(112,'COR002','Bife de Tira',1.000,119.00,119.00,'2026-04-25 01:25:37.273',13,20,'.. ','2026-04-25 00:52:41.128','2026-04-25 01:41:31.012'),(113,'ENT008','Carne de Sol',1.000,60.00,60.00,'2026-04-25 01:31:58.072',25,8,'... ','2026-04-25 00:58:18.918','2026-04-25 01:31:58.072'),(114,'PROD-0087','SODA ITALIANA',2.000,17.00,34.00,NULL,25,87,'.. ','2026-04-25 00:59:16.140','2026-04-25 00:59:54.446'),(115,'ENT013','Bolinho de Cupim',1.000,36.00,36.00,'2026-04-25 02:05:43.555',25,13,'.. ','2026-04-25 00:59:54.449','2026-04-25 02:05:43.556'),(116,'COR008','Fraldinha Fugazzetta Black Angus',1.000,109.00,109.00,'2026-04-25 02:08:39.488',11,26,'ao ponto menos','2026-04-25 01:01:31.817','2026-04-25 02:08:39.489'),(117,'PROD-0101','agua de coco',1.000,9.00,9.00,NULL,13,101,'.. ','2026-04-25 01:06:25.025','2026-04-25 01:41:31.015'),(118,'PROD-0099','DOSE  OLD PARR',2.000,30.00,60.00,NULL,26,99,'sem gelo','2026-04-25 01:09:45.138','2026-04-25 03:20:17.497'),(119,'BEB011','Água com Gás',1.000,7.00,7.00,NULL,26,77,'sem gelo','2026-04-25 01:09:45.145','2026-04-25 03:20:17.500'),(121,'PROD-0087','SODA ITALIANA',2.000,17.00,34.00,NULL,22,87,'.. ','2026-04-25 01:10:54.434','2026-04-25 03:42:15.862'),(122,'ENT015','Mignon alla Vodka',1.000,70.00,70.00,'2026-04-25 01:35:21.778',26,15,'.. ','2026-04-25 01:14:39.359','2026-04-25 03:20:17.503'),(123,'COR006','Baby Beef',1.000,105.00,105.00,'2026-04-25 02:28:03.803',24,24,'.., Ao ponto','2026-04-25 01:16:00.557','2026-04-25 03:38:59.477'),(124,'COR008','Fraldinha Fugazzetta Black Angus',1.000,109.00,109.00,'2026-04-25 02:08:49.478',24,26,'ao ponto, Ao ponto','2026-04-25 01:16:19.457','2026-04-25 03:38:59.479'),(125,'ENT013','Bolinho de Cupim',1.000,36.00,36.00,'2026-04-25 02:08:51.614',27,13,'..','2026-04-25 01:17:48.335','2026-04-25 02:08:51.615'),(126,'BEB001','Coca-Cola Zero',1.000,6.00,6.00,NULL,11,67,'Ok','2026-04-25 01:18:01.992','2026-04-25 01:18:01.992'),(127,'DRG011','Caipirinha',2.000,18.00,36.00,'2026-04-27 16:09:55.756',27,59,'limão ','2026-04-25 01:18:05.087','2026-04-27 16:09:55.757'),(128,'SUC001','Suco de Abacaxi',1.000,14.00,14.00,'2026-04-27 16:09:59.526',27,63,'..','2026-04-25 01:18:49.635','2026-04-27 16:09:59.527'),(129,'BEB003','Guaraná Zero',1.000,6.00,6.00,NULL,24,69,'1 copo gelo e limão espremido','2026-04-25 01:18:56.946','2026-04-25 03:38:59.482'),(130,'ENT017','Camarão Fuego',1.000,89.00,89.00,'2026-04-25 02:07:42.072',5,17,'..','2026-04-25 01:20:52.098','2026-04-25 02:07:42.073'),(131,'PAS002','Filé alla Parmigiana - Mignon',2.000,150.00,300.00,'2026-04-25 01:53:34.642',28,32,'Ok','2026-04-25 01:21:02.463','2026-04-25 04:06:27.458'),(132,'PROD-0088','SHOT DE LIMAO',3.000,3.00,9.00,NULL,24,88,'copo com gelo a parte ','2026-04-25 01:23:29.465','2026-04-25 03:38:59.484'),(133,'BEB001','Coca-Cola Zero',1.000,6.00,6.00,NULL,28,67,'copo','2026-04-25 02:00:37.421','2026-04-25 04:06:27.461'),(134,'BEB003','Guaraná Zero',1.000,6.00,6.00,NULL,28,69,'copo gelo e laranja ','2026-04-25 02:00:37.427','2026-04-25 04:06:27.464'),(137,'PROD-0102','campari',2.000,15.00,30.00,NULL,30,102,'Ok','2026-04-25 02:34:57.141','2026-04-25 02:44:02.258'),(138,'ENT005','Onion Rings',1.000,25.00,25.00,'2026-04-25 02:59:01.080',21,5,'..','2026-04-25 02:37:45.506','2026-04-25 03:49:15.462'),(139,'DRG011','Caipirinha',1.000,18.00,18.00,'2026-04-27 16:10:03.347',26,59,'troca','2026-04-25 02:45:32.160','2026-04-27 16:10:03.348'),(140,'BEB016','Amstel 600ml',1.000,14.00,14.00,NULL,28,82,'..','2026-04-25 02:54:53.135','2026-04-25 04:06:27.467'),(141,'BEB010','Água Mineral',1.000,6.00,6.00,NULL,14,76,'..','2026-04-25 03:42:58.644','2026-04-25 04:21:57.010'),(142,'PROD-0088','SHOT DE LIMAO',1.000,3.00,3.00,NULL,31,88,'Ok','2026-04-25 04:13:59.704','2026-04-25 04:13:59.704'),(143,'ENT017','Camarão Fuego',2.000,89.00,178.00,'2026-04-25 04:25:55.940',32,17,'..','2026-04-25 04:15:40.186','2026-04-25 17:13:26.770'),(144,'BEB011','Água com Gás',3.000,7.00,21.00,NULL,32,77,'..','2026-04-25 04:17:12.005','2026-04-25 17:13:26.774'),(145,'PROD-0095','Whishk Red Label',19.000,20.00,380.00,NULL,32,95,'..','2026-04-25 04:17:12.011','2026-04-25 17:13:26.777'),(146,'ENT004','Beef Tartare',1.000,55.00,55.00,'2026-04-25 04:25:57.054',32,4,'..','2026-04-25 04:17:12.016','2026-04-25 17:13:26.781'),(147,'ENT013','Bolinho de Cupim',1.000,36.00,36.00,'2026-04-25 04:25:57.758',32,13,'..','2026-04-25 04:17:12.020','2026-04-25 17:13:26.785'),(148,'PROD-0101','agua de coco',1.000,9.00,9.00,NULL,32,101,'..','2026-04-25 04:17:12.025','2026-04-25 17:13:26.789'),(149,'BEB010','Água Mineral',2.000,6.00,12.00,NULL,32,76,'..','2026-04-25 04:17:12.030','2026-04-25 17:13:26.793'),(170,'BEB016','Amstel 600ml',4.000,14.00,56.00,NULL,41,82,'Ok','2026-04-25 22:45:14.029','2026-04-26 01:47:35.107'),(171,'DRG010','Caipiroska',1.000,25.00,25.00,'2026-04-27 16:10:04.098',41,58,'MORANGO, Ok','2026-04-25 22:51:02.437','2026-04-27 16:10:04.098'),(172,'BEB013','Heineken 600ml',2.000,20.00,40.00,NULL,42,79,'2 copos','2026-04-25 22:57:14.477','2026-04-25 23:38:30.060'),(173,'PROD-0121','Vinho Rosé Giaretta Frisante',1.000,79.00,79.00,NULL,43,121,'Ok','2026-04-25 22:58:09.940','2026-04-26 03:07:44.461'),(174,'BEB010','Água Mineral',1.000,6.00,6.00,NULL,43,76,'2 copos ','2026-04-25 22:58:30.765','2026-04-26 03:07:44.463'),(175,'BEB013','Heineken 600ml',3.000,20.00,60.00,NULL,40,79,'já foi ','2026-04-25 22:59:31.219','2026-04-26 00:15:39.062'),(176,'ENT014','Bolinho de Rabada',1.000,40.00,40.00,'2026-04-25 23:19:47.778',42,14,'Ok','2026-04-25 23:02:15.411','2026-04-25 23:38:30.062'),(177,'SUC003','Suco de Morango',3.000,14.00,42.00,'2026-04-27 16:10:06.497',44,65,'..','2026-04-25 23:02:28.128','2026-04-27 16:10:06.498'),(178,'ENT014','Bolinho de Rabada',1.000,40.00,40.00,'2026-04-25 23:19:51.499',44,14,'..','2026-04-25 23:02:28.133','2026-04-26 01:27:29.795'),(179,'BEB011','Água com Gás',1.000,7.00,7.00,NULL,44,77,'taca para água e vinho ','2026-04-25 23:04:14.348','2026-04-26 01:27:29.798'),(180,'BEB011','Água com Gás',1.000,7.00,7.00,NULL,46,77,'1 copo c/ gelo','2026-04-25 23:07:39.224','2026-04-25 23:54:18.843'),(181,'COR008','Fraldinha Fugazzetta Black Angus',1.000,109.00,109.00,'2026-04-25 23:35:46.913',46,26,'Ao ponto','2026-04-25 23:07:39.231','2026-04-25 23:54:18.847'),(182,'COR006','Baby Beef',1.000,105.00,105.00,'2026-04-25 23:37:41.298',45,24,'Bem passada,  segundo prato a ir ','2026-04-25 23:10:29.263','2026-04-25 23:44:49.676'),(183,'ENT015','Mignon alla Vodka',1.000,70.00,70.00,'2026-04-25 23:22:48.470',45,15,'primeiro a ir a mesa, Bem passada','2026-04-25 23:10:29.268','2026-04-25 23:44:49.681'),(184,'BEB016','Amstel 600ml',3.000,14.00,42.00,NULL,47,82,'.. ','2026-04-25 23:20:20.340','2026-04-26 01:54:47.889'),(185,'BEB011','Água com Gás',1.000,7.00,7.00,NULL,47,77,'1 copo c/ gelo limão','2026-04-25 23:20:20.346','2026-04-26 01:54:47.891'),(186,'ENT001','Provolone Pachá',1.000,40.00,40.00,'2026-04-25 23:49:32.423',47,1,'.. ','2026-04-25 23:20:41.557','2026-04-26 01:54:47.894'),(187,'PROD-0100','CHOPP HEINEKEN',3.000,18.00,54.00,NULL,44,100,'Ok','2026-04-25 23:21:25.000','2026-04-26 01:27:29.801'),(188,'DRG009','Moscow Mule',4.000,36.00,144.00,'2026-04-27 16:10:14.549',44,57,'Ok','2026-04-25 23:21:25.005','2026-04-27 16:10:14.550'),(189,'ENT010','Pão de Alho da Parrilla',1.000,21.00,21.00,'2026-04-25 23:37:46.414',45,10,'..','2026-04-25 23:24:37.774','2026-04-25 23:44:49.684'),(190,'PROD-0101','agua de coco',2.000,12.00,24.00,NULL,46,101,'Ok','2026-04-25 23:26:27.803','2026-04-25 23:54:18.849'),(191,'SUC003','Suco de Morango',1.000,14.00,14.00,'2026-04-27 16:10:07.887',46,65,'Ok','2026-04-25 23:26:27.809','2026-04-27 16:10:07.888'),(192,'DRG010','Caipiroska',1.000,25.00,25.00,'2026-04-27 16:10:08.518',46,58,'morango','2026-04-25 23:26:27.813','2026-04-27 16:10:08.519'),(193,'BEB016','Amstel 600ml',2.000,14.00,28.00,NULL,48,82,'1 copo ','2026-04-25 23:26:42.548','2026-04-26 02:38:00.003'),(194,'BEB001','Coca-Cola Zero',6.000,6.00,36.00,NULL,44,67,'gelo e limao','2026-04-25 23:27:17.717','2026-04-26 01:27:29.807'),(195,'GUA002','Purê de Mandioca',1.000,15.00,15.00,'2026-04-25 23:37:51.455',45,36,'tudo com o pão de alho e o baby Beef ','2026-04-25 23:28:49.889','2026-04-25 23:44:49.688'),(196,'BEB013','Heineken 600ml',1.000,20.00,20.00,NULL,49,79,'1 copo','2026-04-25 23:34:44.703','2026-04-26 03:59:57.705'),(197,'PROD-0101','agua de coco',1.000,12.00,12.00,NULL,49,101,'1 copo ','2026-04-25 23:34:44.710','2026-04-26 03:59:57.708'),(198,'DRG010','Caipiroska',9.000,25.00,225.00,'2026-04-27 16:10:46.011',49,58,'UMA DE MORANGO E UMA DE LIMAO','2026-04-25 23:36:20.447','2026-04-27 16:10:46.012'),(199,'ENT018','Cordeiro de Sol',1.000,65.00,65.00,'2026-04-25 23:44:44.565',42,18,'.. ','2026-04-25 23:38:30.066','2026-04-25 23:44:44.565'),(200,'BEB015','Praya',2.000,14.00,28.00,NULL,50,81,'.. ','2026-04-25 23:42:06.903','2026-04-26 00:21:12.461'),(201,'BEB014','Heineken Zero',2.000,14.00,28.00,NULL,50,80,'.. ','2026-04-25 23:42:06.909','2026-04-26 00:21:12.468'),(202,'PROD-00888','GIN TONICA MAÇA VERDE',1.000,32.00,32.00,NULL,44,89,'Ok','2026-04-25 23:42:26.720','2026-04-26 01:27:29.813'),(203,'PROD-0100','CHOPP HEINEKEN',18.000,18.00,324.00,NULL,51,100,'..','2026-04-25 23:42:31.744','2026-04-26 02:27:08.611'),(204,'SUC001','Suco de Abacaxi',1.000,14.00,14.00,'2026-04-27 16:10:11.031',45,63,'Ok','2026-04-25 23:44:49.692','2026-04-27 16:10:11.032'),(205,'SUC003','Suco de Morango',1.000,14.00,14.00,'2026-04-27 16:10:11.746',45,65,'Ok','2026-04-25 23:44:49.698','2026-04-27 16:10:11.747'),(206,'PROD-0054','GIN TONICA COM AMORA',1.000,32.00,32.00,NULL,50,91,'.. ','2026-04-25 23:45:44.977','2026-04-26 00:21:12.471'),(207,'DRG009','Moscow Mule',1.000,36.00,36.00,'2026-04-27 16:10:12.543',41,57,'Ok','2026-04-25 23:46:02.194','2026-04-27 16:10:12.544'),(208,'COR006','Baby Beef',1.000,105.00,105.00,'2026-04-25 23:58:05.688',44,24,'..','2026-04-25 23:47:05.718','2026-04-26 01:27:29.816'),(209,'ENT013','Bolinho de Cupim',1.000,36.00,36.00,'2026-04-25 23:57:57.996',44,13,'..','2026-04-25 23:47:05.722','2026-04-26 01:27:29.818'),(210,'BEB010','Água Mineral',2.000,6.00,12.00,NULL,44,76,'1 copo ','2026-04-25 23:47:05.727','2026-04-26 01:27:29.821'),(211,'PROD-0100','CHOPP HEINEKEN',1.000,18.00,18.00,NULL,49,100,'e para ir mesa 15','2026-04-25 23:51:33.878','2026-04-26 03:59:57.713'),(212,'DRG010','Caipiroska',1.000,25.00,25.00,'2026-04-27 16:10:13.168',53,58,'limão','2026-04-25 23:51:59.074','2026-04-27 16:10:13.169'),(213,'SUC003','Suco de Morango',1.000,14.00,14.00,'2026-04-27 16:10:13.887',53,65,'sem açúcar!! ','2026-04-25 23:51:59.079','2026-04-27 16:10:13.888'),(214,'ENT014','Bolinho de Rabada',1.000,40.00,40.00,'2026-04-25 23:57:54.034',53,14,'.. ','2026-04-25 23:52:08.311','2026-04-26 00:38:59.665'),(215,'PROD-0127','Aperol Spritz ',1.000,32.00,32.00,NULL,47,127,'.. ','2026-04-25 23:52:32.127','2026-04-26 01:54:47.897'),(216,'PROD-0121','Vinho Rosé Giaretta Frisante',1.000,79.00,79.00,NULL,52,121,'Ok','2026-04-25 23:53:30.242','2026-04-26 01:00:54.467'),(217,'BEB011','Água com Gás',1.000,7.00,7.00,NULL,52,77,'Ok','2026-04-25 23:53:30.248','2026-04-26 01:00:54.470'),(218,'ENT004','Beef Tartare',1.000,55.00,55.00,'2026-04-26 00:05:51.623',52,4,'.. ','2026-04-25 23:54:47.123','2026-04-26 01:00:54.472'),(219,'COR007','Mignon ao Blue Cheese',1.000,110.00,110.00,'2026-04-26 00:14:10.191',44,25,'Ao ponto','2026-04-25 23:56:56.026','2026-04-26 01:27:29.823'),(220,'GUA006','Vinagrete Dom Juan',1.000,10.00,10.00,'2026-04-26 00:07:02.504',44,40,'Ok','2026-04-25 23:56:56.031','2026-04-26 01:27:29.826'),(221,'GUA002','Purê de Mandioca',1.000,15.00,15.00,'2026-04-26 00:07:05.775',44,36,'Ok','2026-04-25 23:56:56.035','2026-04-26 01:27:29.828'),(222,'ENT014','Bolinho de Rabada',1.000,40.00,40.00,'2026-04-26 00:09:53.688',50,14,'.. ','2026-04-26 00:01:37.643','2026-04-26 00:21:12.473'),(223,'ENT014','Bolinho de Rabada',1.000,40.00,40.00,'2026-04-26 00:25:19.229',43,14,'..','2026-04-26 00:01:39.168','2026-04-26 03:07:44.466'),(224,'BEB016','Amstel 600ml',14.000,14.00,196.00,NULL,49,82,'3 copos ','2026-04-26 00:02:27.384','2026-04-26 03:59:57.716'),(225,'COR001','Entrecôte (Ribeye)',1.000,119.00,119.00,'2026-04-26 00:30:04.736',50,19,'Ao ponto','2026-04-26 00:03:21.730','2026-04-26 00:30:04.737'),(226,'SAN001','Sandwich Mignon',1.000,35.00,35.00,'2026-04-26 00:33:03.514',44,44,'..','2026-04-26 00:03:54.476','2026-04-26 01:27:29.832'),(227,'ENT008','Carne de Sol',1.000,60.00,60.00,'2026-04-26 00:23:55.189',47,8,'magra','2026-04-26 00:05:28.913','2026-04-26 01:54:47.899'),(228,'BEB002','Coca-Cola',2.000,6.00,12.00,NULL,54,68,'renan','2026-04-26 00:06:26.988','2026-04-26 02:38:46.341'),(229,'BEB002','Coca-Cola',3.000,6.00,18.00,NULL,44,68,'..','2026-04-26 00:10:40.980','2026-04-26 01:27:29.834'),(231,'COR008','Fraldinha Fugazzetta Black Angus',1.000,109.00,109.00,'2026-04-26 00:20:52.833',52,26,'Ao ponto','2026-04-26 00:14:33.974','2026-04-26 01:00:54.475'),(232,'BEB010','Água Mineral',1.000,6.00,6.00,NULL,55,76,'.. ','2026-04-26 00:15:40.272','2026-04-26 00:16:55.379'),(233,'DRG009','Moscow Mule',1.000,36.00,36.00,'2026-04-27 16:10:15.964',55,57,'.. ','2026-04-26 00:15:40.279','2026-04-27 16:10:15.965'),(234,'COR008','Fraldinha Fugazzetta Black Angus',1.000,109.00,109.00,'2026-04-26 00:55:06.061',55,26,'Ao ponto','2026-04-26 00:16:55.386','2026-04-26 00:55:06.062'),(235,'PROD-0086','GIN TONICA TROPICAL',1.000,32.00,32.00,NULL,49,86,'..','2026-04-26 00:18:14.881','2026-04-26 03:59:57.719'),(236,'DRG002','Gin Melancia',3.000,32.00,96.00,'2026-04-27 16:10:34.562',49,50,'..','2026-04-26 00:18:14.887','2026-04-27 16:10:34.563'),(237,'BEB011','Água com Gás',3.000,7.00,21.00,NULL,49,77,'chot de limão dois ','2026-04-26 00:18:14.891','2026-04-26 03:59:57.725'),(238,'ENT007','Fritas (Vegetariano)',1.000,35.00,35.00,'2026-04-26 00:32:43.311',56,7,'...','2026-04-26 00:18:55.526','2026-04-26 00:32:43.312'),(239,'BEB002','Coca-Cola',1.000,6.00,6.00,NULL,56,68,'gelo e limao','2026-04-26 00:19:47.355','2026-04-26 00:19:47.355'),(240,'BEB001','Coca-Cola Zero',1.000,6.00,6.00,NULL,56,67,'.. ','2026-04-26 00:19:47.361','2026-04-26 00:19:47.361'),(241,'SAN004','Brisket Sandwich',1.000,32.00,32.00,'2026-04-26 01:02:45.094',48,47,'Ok','2026-04-26 00:22:30.106','2026-04-26 02:38:00.011'),(242,'BEB013','Heineken 600ml',1.000,20.00,20.00,NULL,57,79,'2 copo','2026-04-26 00:22:36.556','2026-04-26 02:09:45.671'),(243,'ENT015','Mignon alla Vodka',2.000,70.00,140.00,'2026-04-26 00:39:53.035',49,15,'Bem passada','2026-04-26 00:23:57.709','2026-04-26 03:59:57.727'),(244,'ENT006','Fritas Flambadas com Cheddar e Bacon',2.000,45.00,90.00,'2026-04-26 00:46:09.330',49,6,'.. ','2026-04-26 00:24:18.429','2026-04-26 03:59:57.730'),(245,'SUC003','Suco de Morango',1.000,14.00,14.00,'2026-04-27 16:10:17.384',49,65,'.. ','2026-04-26 00:24:52.246','2026-04-27 16:10:17.385'),(246,'PAS003','Filé alla Parmigiana - Camarão',1.000,170.00,170.00,'2026-04-26 00:57:01.215',44,33,'..','2026-04-26 00:25:26.853','2026-04-26 01:27:29.840'),(248,'COR003','Picanha Angus',1.000,139.00,139.00,'2026-04-26 01:02:49.486',58,21,'Bem passada','2026-04-26 00:25:30.796','2026-04-26 01:41:42.672'),(249,'SUC003','Suco de Morango',1.000,14.00,14.00,'2026-04-27 16:10:18.133',58,65,'Ok','2026-04-26 00:25:30.801','2026-04-27 16:10:18.134'),(250,'SUC001','Suco de Abacaxi',1.000,14.00,14.00,'2026-04-27 16:10:18.761',58,63,'Ok','2026-04-26 00:25:30.806','2026-04-27 16:10:18.762'),(251,'ENT013','Bolinho de Cupim',2.000,36.00,72.00,'2026-04-26 01:55:30.179',43,13,'..','2026-04-26 00:26:47.181','2026-04-26 03:07:44.469'),(252,'COR007','Mignon ao Blue Cheese',1.000,110.00,110.00,'2026-04-26 00:48:16.353',41,25,'Ok, Bem passada','2026-04-26 00:27:19.784','2026-04-26 01:47:35.122'),(253,'BEB013','Heineken 600ml',5.000,20.00,100.00,NULL,59,79,'2 copos','2026-04-26 00:28:24.226','2026-04-26 02:36:21.018'),(254,'COR003','Picanha Angus',1.000,139.00,139.00,'2026-04-26 00:58:00.919',53,21,'ao ponto ','2026-04-26 00:29:15.294','2026-04-26 00:58:00.920'),(255,'PROD-0088','SHOT DE LIMAO',3.000,3.00,9.00,NULL,49,88,'ok','2026-04-26 00:29:54.614','2026-04-26 03:59:57.735'),(256,'ENT003','Coxinha Dom Juan',1.000,38.00,38.00,'2026-04-26 00:52:51.617',59,3,'.. ','2026-04-26 00:30:27.741','2026-04-26 02:36:21.032'),(257,'COR006','Baby Beef',1.000,105.00,105.00,'2026-04-26 01:14:10.234',51,24,'ponto menos ','2026-04-26 00:30:38.565','2026-04-26 02:27:08.615'),(258,'ENT009','Queijo Coalho',1.000,32.00,32.00,'2026-04-26 01:06:31.919',51,9,'..','2026-04-26 00:30:38.569','2026-04-26 02:27:08.617'),(259,'DRG010','Caipiroska',1.000,25.00,25.00,'2026-04-27 16:10:19.382',60,58,'Ok','2026-04-26 00:32:35.926','2026-04-27 16:10:19.383'),(260,'BEB012','Heineken Longneck',1.000,12.00,12.00,NULL,60,78,'Ok','2026-04-26 00:32:35.930','2026-04-26 03:05:33.469'),(262,'ENT014','Bolinho de Rabada',1.000,40.00,40.00,'2026-04-26 00:43:36.668',57,14,'..','2026-04-26 00:32:57.758','2026-04-26 02:09:45.674'),(263,'PROD-0100','CHOPP HEINEKEN',4.000,18.00,72.00,NULL,61,100,'.. ','2026-04-26 00:36:49.936','2026-04-26 03:18:17.635'),(264,'PROD-0121','Vinho Rosé Giaretta Frisante',1.000,79.00,79.00,NULL,61,121,'.. ','2026-04-26 00:37:26.399','2026-04-26 03:18:17.642'),(265,'SUC004','Suco de Graviola',1.000,14.00,14.00,'2026-04-27 16:10:27.258',53,66,'sem açúcar bastante gelo ','2026-04-26 00:38:59.671','2026-04-27 16:10:27.259'),(266,'BEB014','Heineken Zero',1.000,14.00,14.00,NULL,62,80,'Ok','2026-04-26 00:39:47.320','2026-04-26 00:47:53.363'),(267,'PROD-0127','Aperol Spritz ',1.000,32.00,32.00,NULL,62,127,'Ok','2026-04-26 00:39:47.328','2026-04-26 00:47:53.367'),(268,'SUC003','Suco de Morango',2.000,14.00,28.00,'2026-04-27 16:10:28.070',62,65,'Ok','2026-04-26 00:39:47.333','2026-04-27 16:10:28.071'),(269,'BEB011','Água com Gás',1.000,7.00,7.00,NULL,61,77,'Ok','2026-04-26 00:44:10.417','2026-04-26 03:18:17.645'),(270,'ENT013','Bolinho de Cupim',1.000,36.00,36.00,'2026-04-26 01:14:12.368',62,13,'Ok','2026-04-26 00:45:50.406','2026-04-26 01:14:12.368'),(271,'ENT014','Bolinho de Rabada',1.000,40.00,40.00,'2026-04-26 01:05:30.044',61,14,'Ok','2026-04-26 00:46:11.007','2026-04-26 03:18:17.648'),(272,'BEB011','Água com Gás',1.000,7.00,7.00,NULL,41,77,'1 copo ','2026-04-26 00:46:58.628','2026-04-26 01:47:35.125'),(273,'BEB016','Amstel 600ml',8.000,14.00,112.00,NULL,60,82,'2 copo','2026-04-26 00:47:37.748','2026-04-26 03:05:33.473'),(274,'PAS002','Filé alla Parmigiana - Mignon',1.000,150.00,150.00,'2026-04-26 01:14:01.547',62,32,'Ok','2026-04-26 00:47:53.377','2026-04-26 01:14:01.547'),(275,'BEB016','Amstel 600ml',4.000,14.00,56.00,NULL,63,82,'3 copos','2026-04-26 00:49:50.938','2026-04-26 01:32:39.824'),(276,'BEB001','Coca-Cola Zero',1.000,6.00,6.00,NULL,63,67,'Ok','2026-04-26 00:53:21.781','2026-04-26 01:32:39.831'),(277,'BEB001','Coca-Cola Zero',1.000,6.00,6.00,NULL,41,67,'Ok','2026-04-26 00:53:39.887','2026-04-26 01:47:35.128'),(278,'BEB010','Água Mineral',3.000,6.00,18.00,NULL,51,76,'1 copo','2026-04-26 00:55:27.621','2026-04-26 02:27:08.620'),(279,'PROD-0127','Aperol Spritz ',1.000,32.00,32.00,NULL,64,127,'..','2026-04-26 00:56:51.686','2026-04-26 01:55:24.984'),(281,'ENT013','Bolinho de Cupim',1.000,36.00,36.00,'2026-04-26 01:18:21.069',64,13,'..','2026-04-26 00:56:51.697','2026-04-26 01:55:24.986'),(282,'ENT006','Fritas Flambadas com Cheddar e Bacon',1.000,45.00,45.00,'2026-04-26 01:22:33.470',64,6,'..','2026-04-26 00:56:51.702','2026-04-26 01:55:24.989'),(283,'SUC003','Suco de Morango',1.000,14.00,14.00,'2026-04-27 16:10:28.887',64,65,'..','2026-04-26 00:57:12.040','2026-04-27 16:10:28.888'),(284,'BEB016','Amstel 600ml',1.000,14.00,14.00,NULL,57,82,'..','2026-04-26 00:58:47.465','2026-04-26 02:09:45.677'),(285,'BEB010','Água Mineral',2.000,6.00,12.00,NULL,57,76,'2 copo ','2026-04-26 00:58:47.471','2026-04-26 02:09:45.680'),(286,'ENT013','Bolinho de Cupim',1.000,36.00,36.00,'2026-04-26 01:03:13.849',60,13,'Ok','2026-04-26 01:00:09.734','2026-04-26 03:05:33.478'),(287,'PROD-0100','CHOPP HEINEKEN',1.000,18.00,18.00,NULL,65,100,'1copo ','2026-04-26 01:02:16.937','2026-04-26 01:15:00.739'),(288,'BEB009','Água Tônica',1.000,7.00,7.00,NULL,65,75,'gelo e limão ','2026-04-26 01:02:26.611','2026-04-26 01:15:00.742'),(289,'PROD-0100','CHOPP HEINEKEN',3.000,18.00,54.00,NULL,43,100,'Ok','2026-04-26 01:09:54.760','2026-04-26 03:07:44.471'),(291,'PAS002','Filé alla Parmigiana - Mignon',1.000,150.00,150.00,'2026-04-26 01:28:32.476',63,32,'..','2026-04-26 01:12:38.359','2026-04-26 01:32:39.834'),(292,'DRG010','Caipiroska',1.000,25.00,25.00,'2026-04-27 16:10:31.124',43,58,'morango','2026-04-26 01:14:24.386','2026-04-27 16:10:31.125'),(293,'COR006','Baby Beef',1.000,105.00,105.00,'2026-04-26 01:39:07.755',65,24,'ponto para mais ','2026-04-26 01:15:00.745','2026-04-26 01:39:07.756'),(294,'PROD-0087','SODA ITALIANA',1.000,18.00,18.00,NULL,66,87,'Ok','2026-04-26 01:18:37.710','2026-04-26 01:20:59.483'),(295,'DRG007','Piña Colada',2.000,36.00,72.00,'2026-04-27 16:10:32.478',66,55,'Ok','2026-04-26 01:18:37.717','2026-04-27 16:10:32.479'),(296,'BEB016','Amstel 600ml',1.000,14.00,14.00,NULL,66,82,'Ok','2026-04-26 01:18:37.721','2026-04-26 01:20:59.491'),(297,'ENT013','Bolinho de Cupim',1.000,36.00,36.00,'2026-04-26 01:43:45.888',66,13,'Ok','2026-04-26 01:20:59.496','2026-04-26 01:43:45.889'),(298,'PROD-0112','Garrafa Old Parr 1L',1.000,380.00,380.00,NULL,57,112,'ok','2026-04-26 01:22:46.652','2026-04-26 02:09:45.687'),(299,'DRG003','Gin Tropical',3.000,32.00,96.00,'2026-04-27 16:10:50.054',49,51,'Ok','2026-04-26 01:25:10.174','2026-04-27 16:10:50.055'),(301,'ENT014','Bolinho de Rabada',1.000,40.00,40.00,'2026-04-26 01:55:56.038',54,14,'Ok','2026-04-26 01:30:26.694','2026-04-26 02:38:46.346'),(302,'COR005','Maminha com Fonduta de Queijos',2.000,110.00,220.00,'2026-04-26 02:02:21.757',49,23,'Bem passada','2026-04-26 01:30:29.045','2026-04-26 03:59:57.741'),(303,'DRG010','Caipiroska',8.000,25.00,200.00,'2026-04-27 16:10:48.462',67,58,'morango ','2026-04-26 01:32:13.906','2026-04-27 16:10:48.463'),(304,'PROD-0101','agua de coco',3.000,12.00,36.00,NULL,67,101,'Ok','2026-04-26 01:32:25.964','2026-04-26 04:37:25.015'),(305,'PROD-0099','DOSE  OLD PARR',2.000,30.00,60.00,NULL,67,99,'Ok','2026-04-26 01:32:53.209','2026-04-26 04:37:25.018'),(307,'PAS002','Filé alla Parmigiana - Mignon',2.000,150.00,300.00,'2026-04-26 02:57:39.564',68,32,'Ao ponto','2026-04-26 01:33:12.339','2026-04-26 03:11:55.552'),(308,'BEB001','Coca-Cola Zero',5.000,6.00,30.00,NULL,68,67,'Ok','2026-04-26 01:33:41.519','2026-04-26 03:11:55.557'),(309,'BEB012','Heineken Longneck',4.000,12.00,48.00,NULL,43,78,'..','2026-04-26 01:36:56.061','2026-04-26 03:07:44.477'),(310,'ENT013','Bolinho de Cupim',1.000,36.00,36.00,'2026-04-26 01:56:01.277',68,13,'Ok','2026-04-26 01:37:01.268','2026-04-26 03:11:55.561'),(311,'COR008','Fraldinha Fugazzetta Black Angus',1.000,109.00,109.00,'2026-04-26 02:15:20.340',59,26,'Bem passada','2026-04-26 01:38:05.935','2026-04-26 02:36:21.035'),(312,'BEB002','Coca-Cola',1.000,6.00,6.00,NULL,58,68,'limão, Ok','2026-04-26 01:41:42.682','2026-04-26 01:41:42.682'),(314,'SAN005','Cupim Sandwich',1.000,34.00,34.00,'2026-04-26 02:15:22.117',67,48,'Ok','2026-04-26 01:44:55.121','2026-04-26 04:37:25.021'),(315,'DRG003','Gin Tropical',1.000,32.00,32.00,'2026-04-27 16:10:47.519',59,51,'Ok','2026-04-26 01:50:26.792','2026-04-27 16:10:47.520'),(316,'PROD-0128','Bife Do Parrillero',1.000,119.00,119.00,NULL,57,128,'ponto menos ','2026-04-26 01:52:25.369','2026-04-26 02:09:45.690'),(317,'PROD-0115','Vinho Tinto Esteban',1.000,99.00,99.00,NULL,69,115,'.. ','2026-04-26 01:54:13.002','2026-04-26 03:39:57.660'),(318,'BEB011','Água com Gás',1.000,7.00,7.00,NULL,69,77,'Ok','2026-04-26 01:54:13.009','2026-04-26 03:39:57.663'),(319,'PROD-0100','CHOPP HEINEKEN',4.000,18.00,72.00,NULL,69,100,'Ok','2026-04-26 01:54:24.413','2026-04-26 03:39:57.666'),(321,'ENT014','Bolinho de Rabada',1.000,40.00,40.00,'2026-04-26 01:56:07.582',69,14,'Ok','2026-04-26 01:55:19.895','2026-04-26 03:39:57.672'),(322,'COR008','Fraldinha Fugazzetta Black Angus',1.000,109.00,109.00,'2026-04-26 02:16:57.297',61,26,'ao ponto ','2026-04-26 01:55:44.851','2026-04-26 03:18:17.650'),(323,'PROD-0094','Whisky Buchannans',5.000,35.00,175.00,NULL,67,94,'ok','2026-04-26 01:57:50.151','2026-04-26 04:37:25.025'),(324,'COR008','Fraldinha Fugazzetta Black Angus',1.000,109.00,109.00,'2026-04-26 02:15:32.651',60,26,'Ok','2026-04-26 02:03:17.070','2026-04-26 03:05:33.481'),(325,'BEB010','Água Mineral',1.000,6.00,6.00,NULL,68,76,'1copo ','2026-04-26 02:07:41.132','2026-04-26 03:11:55.565'),(326,'BEB011','Água com Gás',1.000,7.00,7.00,NULL,43,77,'Ok','2026-04-26 02:08:21.055','2026-04-26 03:07:44.483'),(327,'PAS002','Filé alla Parmigiana - Mignon',1.000,150.00,150.00,'2026-04-26 02:57:40.816',69,32,'..','2026-04-26 02:09:18.775','2026-04-26 03:39:57.675'),(328,'GUA003','Mandioca Cremosa',2.000,10.00,20.00,'2026-04-26 02:15:41.091',49,37,'urgente ','2026-04-26 02:11:32.610','2026-04-26 03:59:57.744'),(329,'GUA005','Farofa Crocante da Chef',2.000,10.00,20.00,'2026-04-26 02:15:50.467',49,39,'urgente ','2026-04-26 02:11:32.614','2026-04-26 03:59:57.746'),(330,'DRG004','Martini',1.000,32.00,32.00,'2026-04-27 16:10:52.032',49,52,'... ','2026-04-26 02:13:14.719','2026-04-27 16:10:52.033'),(331,'DRG010','Caipiroska',1.000,25.00,25.00,'2026-04-27 16:10:54.393',70,58,'limão','2026-04-26 02:28:17.054','2026-04-27 16:10:54.394'),(332,'DRG003','Gin Tropical',1.000,32.00,32.00,'2026-04-27 16:10:56.743',70,51,'Ok','2026-04-26 02:28:17.059','2026-04-27 16:10:56.744'),(333,'PROD-0087','SODA ITALIANA',1.000,18.00,18.00,NULL,70,87,'Ok','2026-04-26 02:28:17.064','2026-04-26 03:06:09.937'),(334,'DRG003','Gin Tropical',4.000,32.00,128.00,'2026-04-27 16:10:59.073',67,51,'Ok','2026-04-26 02:37:10.395','2026-04-27 16:10:59.074'),(335,'BEB015','Praya',1.000,14.00,14.00,NULL,71,81,'Ok','2026-04-26 02:48:32.779','2026-04-26 03:07:52.241'),(336,'ESP001','Carré de Cordeiro',1.000,150.00,150.00,'2026-04-26 02:57:44.824',67,27,'..','2026-04-26 02:53:25.460','2026-04-26 04:37:25.034'),(337,'COR003','Picanha Angus',1.000,139.00,139.00,'2026-04-26 02:57:45.769',67,21,'..','2026-04-26 02:53:25.465','2026-04-26 04:37:25.039'),(338,'ENT015','Mignon alla Vodka',1.000,70.00,70.00,'2026-04-26 22:37:22.222',67,15,'ok','2026-04-26 03:01:44.845','2026-04-26 22:37:22.223'),(339,'DRG011','Caipirinha',1.000,18.00,18.00,'2026-04-27 16:11:01.397',70,59,'limão','2026-04-26 03:06:09.941','2026-04-27 16:11:01.398'),(340,'BEB013','Heineken 600ml',1.000,20.00,20.00,NULL,72,79,'2 copo ','2026-04-26 03:31:49.129','2026-04-26 03:31:49.129'),(341,'DRG002','Gin Melancia',4.000,32.00,128.00,'2026-04-27 16:11:03.105',67,50,'..','2026-04-26 03:37:27.959','2026-04-27 16:11:03.106'),(342,'SAN003','Crispy Chicken',1.000,32.00,32.00,'2026-04-26 22:37:23.342',73,46,'..','2026-04-26 04:30:31.965','2026-04-26 22:37:23.343'),(343,'BEB002','Coca-Cola',1.000,6.00,6.00,NULL,73,68,'..','2026-04-26 04:30:31.970','2026-04-26 14:25:40.266'),(344,'BEB012','Heineken Longneck',2.000,12.00,24.00,NULL,73,78,'..','2026-04-26 04:30:31.976','2026-04-26 14:25:40.268'),(345,'BEB002','Coca-Cola',1.000,6.00,6.00,NULL,74,68,'ok','2026-04-26 22:12:04.696','2026-04-26 22:18:48.984'),(346,'DRG011','Caipirinha',1.000,18.00,18.00,'2026-04-27 16:11:04.426',75,59,'Ok','2026-04-26 22:29:34.198','2026-04-27 16:11:04.427'),(347,'PROD-0127','Aperol Spritz ',1.000,32.00,32.00,NULL,75,127,'Ok','2026-04-26 22:29:34.204','2026-04-26 23:56:06.777'),(348,'ENT012','Gran Choripán',1.000,35.00,35.00,'2026-04-26 23:25:44.524',75,12,'Ok','2026-04-26 22:40:29.041','2026-04-26 23:56:06.781'),(349,'PROD-0101','agua de coco',3.000,12.00,36.00,NULL,77,101,'canudo ','2026-04-26 22:46:03.320','2026-04-26 23:28:43.576'),(351,'ENT003','Coxinha Dom Juan',1.000,38.00,38.00,'2026-04-26 23:26:39.200',77,3,'..','2026-04-26 22:51:32.926','2026-04-26 23:28:43.579'),(353,'BEB013','Heineken 600ml',3.000,20.00,60.00,NULL,76,79,'2 copos ','2026-04-26 22:52:33.971','2026-04-27 00:31:01.307'),(354,'BEB011','Água com Gás',2.000,7.00,14.00,NULL,77,77,'gelo e limao','2026-04-26 22:53:50.351','2026-04-26 23:28:43.582'),(355,'COR008','Fraldinha Fugazzetta Black Angus',1.000,109.00,109.00,'2026-04-26 23:12:03.246',77,26,'Ao ponto','2026-04-26 22:54:21.873','2026-04-26 23:28:43.590'),(356,'ESP004','Filé de Sobrecoxa',1.000,70.00,70.00,'2026-04-26 23:03:44.733',77,30,'Bem passada','2026-04-26 22:54:21.878','2026-04-26 23:28:43.592'),(357,'GUA003','Mandioca Cremosa',1.000,10.00,10.00,'2026-04-26 23:37:13.964',78,37,'Ok','2026-04-26 23:12:59.577','2026-04-27 00:15:31.834'),(358,'GUA005','Farofa Crocante da Chef',1.000,10.00,10.00,'2026-04-26 23:37:15.936',78,39,'Ok','2026-04-26 23:12:59.582','2026-04-27 00:15:31.837'),(359,'COR008','Fraldinha Fugazzetta Black Angus',1.000,109.00,109.00,'2026-04-26 23:39:28.799',78,26,'Ao ponto, Ao ponto','2026-04-26 23:12:59.587','2026-04-27 00:15:31.839'),(360,'ENT011','Linguiça Provoleta',1.000,58.00,58.00,'2026-04-26 23:39:30.958',78,11,'Ok','2026-04-26 23:12:59.591','2026-04-27 00:15:31.842'),(361,'BEB010','Água Mineral',1.000,6.00,6.00,NULL,78,76,'3 copos ','2026-04-26 23:12:59.596','2026-04-27 00:15:31.845'),(362,'BEB001','Coca-Cola Zero',3.000,6.00,18.00,NULL,78,67,'3 copos com gelo ','2026-04-26 23:12:59.601','2026-04-27 00:15:31.847'),(363,'GUA006','Vinagrete Dom Juan',1.000,10.00,10.00,'2026-04-26 23:37:20.060',78,40,'Ok','2026-04-26 23:12:59.607','2026-04-27 00:15:31.854'),(364,'SUC003','Suco de Morango',1.000,14.00,14.00,'2026-04-27 16:11:05.461',77,65,'Ok','2026-04-26 23:15:03.902','2026-04-27 16:11:05.461'),(365,'ESP001','Carré de Cordeiro',1.000,150.00,150.00,'2026-04-26 23:40:35.355',80,27,'..','2026-04-26 23:16:16.414','2026-04-26 23:40:35.356'),(366,'BEB010','Água Mineral',1.000,6.00,6.00,NULL,80,76,'duas taças ','2026-04-26 23:16:16.418','2026-04-26 23:22:26.130'),(367,'PROD-0118','Vinho Tinto Foye Gran Reserva',1.000,150.00,150.00,NULL,80,118,'duas taças ','2026-04-26 23:16:16.424','2026-04-26 23:22:26.133'),(368,'COR003','Picanha Angus',1.000,139.00,139.00,'2026-04-26 23:53:00.050',81,21,'Ao ponto','2026-04-26 23:21:40.918','2026-04-27 02:22:28.756'),(369,'PROD-0087','SODA ITALIANA',3.000,18.00,54.00,NULL,79,87,'MORANGO! ','2026-04-26 23:22:23.969','2026-04-26 23:44:02.418'),(370,'ENT003','Coxinha Dom Juan',1.000,38.00,38.00,'2026-04-26 23:40:36.839',80,3,'Ok','2026-04-26 23:22:26.137','2026-04-26 23:40:36.840'),(371,'ENT007','Fritas (Vegetariano)',1.000,35.00,35.00,'2026-04-26 23:30:24.664',79,7,'Ok','2026-04-26 23:24:14.122','2026-04-26 23:44:02.421'),(372,'ENT008','Carne de Sol',1.000,60.00,60.00,'2026-04-26 23:39:48.428',79,8,'Ao ponto','2026-04-26 23:24:33.903','2026-04-26 23:44:02.424'),(373,'COR008','Fraldinha Fugazzetta Black Angus',2.000,109.00,218.00,'2026-04-26 23:55:09.629',79,26,'Ao ponto','2026-04-26 23:24:47.950','2026-04-26 23:55:09.630'),(374,'ENT010','Pão de Alho da Parrilla',1.000,21.00,21.00,'2026-04-26 23:56:51.754',81,10,'Ok','2026-04-26 23:29:30.436','2026-04-27 02:22:28.759'),(375,'ENT012','Gran Choripán',1.000,35.00,35.00,'2026-04-27 00:10:00.924',78,12,'Ok','2026-04-26 23:29:55.139','2026-04-27 00:15:31.858'),(376,'PROD-0115','Vinho Tinto Esteban',1.000,99.00,99.00,NULL,82,115,'duas taças ','2026-04-26 23:34:38.626','2026-04-27 00:06:36.509'),(377,'BEB011','Água com Gás',2.000,7.00,14.00,NULL,82,77,'duas taças ','2026-04-26 23:34:38.632','2026-04-27 00:06:36.512'),(378,'BEB011','Água com Gás',1.000,7.00,7.00,NULL,75,77,'gelo e limão','2026-04-26 23:36:25.749','2026-04-26 23:56:06.784'),(379,'DRG010','Caipiroska',1.000,25.00,25.00,'2026-04-27 16:11:06.318',75,58,'MORANGO','2026-04-26 23:36:25.754','2026-04-27 16:11:06.318'),(380,'ENT010','Pão de Alho da Parrilla',1.000,21.00,21.00,'2026-04-26 23:45:11.355',83,10,'Ok','2026-04-26 23:40:29.022','2026-04-27 00:19:01.799'),(381,'PROD-0128','Bife Do Parrillero',1.000,119.00,119.00,NULL,83,128,'Ao ponto','2026-04-26 23:40:44.430','2026-04-27 00:19:01.802'),(382,'DRG010','Caipiroska',2.000,25.00,50.00,'2026-04-27 16:11:07.188',83,58,'morango ','2026-04-26 23:42:08.611','2026-04-27 16:11:07.189'),(383,'SUC003','Suco de Morango',2.000,14.00,28.00,'2026-04-27 16:11:07.926',83,65,'Ok','2026-04-26 23:42:08.616','2026-04-27 16:11:07.927'),(384,'ENT003','Coxinha Dom Juan',1.000,38.00,38.00,'2026-04-26 23:56:30.659',85,3,'Ok','2026-04-26 23:43:44.925','2026-04-27 01:41:05.551'),(385,'PROD-0127','Aperol Spritz ',1.000,32.00,32.00,NULL,85,127,'Ok','2026-04-26 23:43:44.930','2026-04-27 01:41:05.554'),(386,'BEB001','Coca-Cola Zero',1.000,6.00,6.00,NULL,79,67,'gelo e limão','2026-04-26 23:43:49.887','2026-04-26 23:44:02.430'),(387,'BEB002','Coca-Cola',4.000,6.00,24.00,NULL,79,68,'gelo e limao','2026-04-26 23:43:49.892','2026-04-26 23:44:02.432'),(388,'BEB010','Água Mineral',1.000,6.00,6.00,NULL,79,76,'Ok','2026-04-26 23:44:02.436','2026-04-26 23:44:02.436'),(389,'DRG003','Gin Tropical',1.000,32.00,32.00,'2026-04-27 16:11:08.775',85,51,'Ok','2026-04-26 23:47:12.980','2026-04-27 16:11:08.776'),(390,'DRG002','Gin Melancia',1.000,32.00,32.00,'2026-04-27 16:11:09.573',85,50,'Ok','2026-04-26 23:47:12.985','2026-04-27 16:11:09.575'),(391,'BEB011','Água com Gás',1.000,7.00,7.00,NULL,76,77,'copo gelo e limão ','2026-04-26 23:49:28.048','2026-04-27 00:31:01.310'),(392,'SUC004','Suco de Graviola',1.000,14.00,14.00,'2026-04-27 16:11:10.397',84,66,'Ok','2026-04-26 23:54:08.467','2026-04-27 16:11:10.398'),(393,'SUC003','Suco de Morango',1.000,14.00,14.00,'2026-04-27 16:11:11.209',84,65,'sem açúcar ','2026-04-26 23:54:08.475','2026-04-27 16:11:11.210'),(394,'GUA001','Arroz Texano / Arroz de Cupim',1.000,40.00,40.00,'2026-04-27 00:10:58.337',84,35,'Ok','2026-04-26 23:54:08.479','2026-04-27 00:10:58.338'),(395,'COR003','Picanha Angus',1.000,139.00,139.00,'2026-04-27 00:10:59.866',84,21,'ok','2026-04-26 23:54:08.493','2026-04-27 00:10:59.867'),(396,'ENT003','Coxinha Dom Juan',1.000,38.00,38.00,'2026-04-27 00:04:00.602',75,3,'Ok','2026-04-26 23:56:06.791','2026-04-27 00:04:00.602'),(397,'ENT014','Bolinho de Rabada',1.000,40.00,40.00,'2026-04-27 00:16:59.618',82,14,'Ok','2026-04-27 00:06:36.517','2026-04-27 00:16:59.619'),(398,'SUC001','Suco de Abacaxi',1.000,14.00,14.00,'2026-04-27 16:11:12.060',76,63,'..','2026-04-27 00:06:49.212','2026-04-27 16:11:12.061'),(399,'ENT018','Cordeiro de Sol',1.000,65.00,65.00,'2026-04-27 00:17:00.861',76,18,'..','2026-04-27 00:07:19.583','2026-04-27 00:31:01.315'),(400,'COR006','Baby Beef',1.000,105.00,105.00,'2026-04-27 00:21:03.052',85,24,'Ao ponto','2026-04-27 00:15:04.330','2026-04-27 01:41:05.562'),(401,'ENT007','Fritas (Vegetariano)',1.000,35.00,35.00,'2026-04-27 00:28:29.739',83,7,'Ok','2026-04-27 00:19:01.811','2026-04-27 00:28:29.740'),(402,'SAN005','Cupim Sandwich',1.000,34.00,34.00,'2026-04-27 00:39:25.195',76,48,'Ao ponto','2026-04-27 00:24:58.133','2026-04-27 00:39:25.196'),(403,'GUA008','Arroz Branco',1.000,10.00,10.00,'2026-04-27 00:30:05.289',85,42,'Ok','2026-04-27 00:25:30.267','2026-04-27 01:41:05.564'),(404,'BEB003','Guaraná Zero',1.000,6.00,6.00,NULL,86,69,'2 copos gelo e laranja','2026-04-27 00:27:01.978','2026-04-27 00:30:17.290'),(408,'COR008','Fraldinha Fugazzetta Black Angus',1.000,109.00,109.00,'2026-04-27 00:54:07.440',86,26,'ponto mais','2026-04-27 00:30:17.296','2026-04-27 00:54:07.441'),(410,'GUA005','Farofa Crocante da Chef',1.000,10.00,10.00,'2026-04-27 00:31:41.956',76,39,'..','2026-04-27 00:31:01.322','2026-04-27 00:31:41.957'),(411,'SAN001','Sandwich Mignon',1.000,35.00,35.00,'2026-04-27 00:43:03.322',87,44,'Ok','2026-04-27 00:32:58.032','2026-04-27 02:47:50.804'),(412,'BEB002','Coca-Cola',1.000,6.00,6.00,NULL,87,68,'Ok','2026-04-27 00:33:41.362','2026-04-27 02:47:50.807'),(413,'BEB003','Guaraná Zero',2.000,6.00,12.00,NULL,85,69,'copos com gelo e laranja ','2026-04-27 00:35:48.904','2026-04-27 01:41:05.567'),(414,'PROD-0087','SODA ITALIANA',1.000,18.00,18.00,NULL,87,87,'Ok','2026-04-27 00:44:14.307','2026-04-27 02:47:50.810'),(416,'PROD-0125','LIMONADA SUIÇA',1.000,18.00,18.00,NULL,87,125,'Ok','2026-04-27 00:46:56.921','2026-04-27 02:47:50.813'),(417,'ENT004','Beef Tartare',1.000,55.00,55.00,'2026-04-27 01:23:54.518',81,4,'Ok','2026-04-27 01:06:47.792','2026-04-27 02:22:28.761'),(418,'BEB013','Heineken 600ml',2.000,20.00,40.00,NULL,88,79,'3 copos','2026-04-27 01:33:43.054','2026-04-27 01:48:00.690'),(419,'ENT004','Beef Tartare',1.000,55.00,55.00,'2026-04-27 01:37:02.800',85,4,'Ok','2026-04-27 01:34:00.245','2026-04-27 01:41:05.569'),(420,'DRG006','Daiquiri',1.000,35.00,35.00,'2026-04-27 16:11:12.868',85,54,'Ok','2026-04-27 01:41:05.573','2026-04-27 16:11:12.869'),(421,'ENT003','Coxinha Dom Juan',1.000,38.00,38.00,'2026-04-27 03:12:51.561',88,3,'Ok','2026-04-27 01:48:00.698','2026-04-27 03:12:51.562'),(422,'BEB016','Amstel 600ml',4.000,14.00,56.00,NULL,89,82,'2 copos','2026-04-28 22:20:38.792','2026-04-29 00:43:29.540'),(423,'BEB011','Água com Gás',2.000,7.00,14.00,NULL,90,77,'shot de limão ','2026-04-28 22:29:09.045','2026-04-28 23:25:00.220'),(425,'PROD-0088','SHOT DE LIMAO',1.000,3.00,3.00,NULL,90,88,'..','2026-04-28 22:30:54.683','2026-04-28 23:25:00.223'),(426,'PROD-0088','SHOT DE LIMAO',1.000,3.00,3.00,NULL,92,88,'Ok','2026-04-28 22:31:00.944','2026-04-28 22:31:00.944'),(427,'BEB012','Heineken Longneck',1.000,12.00,12.00,NULL,90,78,'..','2026-04-28 22:34:14.879','2026-04-28 23:25:00.226'),(428,'ENT013','Bolinho de Cupim',1.000,36.00,36.00,'2026-04-28 23:17:25.636',90,13,'..','2026-04-28 22:36:16.157','2026-04-28 23:25:00.229'),(429,'BEB001','Coca-Cola Zero',4.000,6.00,24.00,NULL,93,67,'2 copos, 1 com gelo e limão o outro não ','2026-04-28 22:37:47.890','2026-04-29 01:23:29.289'),(430,'COR006','Baby Beef',1.000,105.00,105.00,'2026-04-28 23:23:28.998',90,24,'ponto menos ','2026-04-28 22:38:31.778','2026-04-28 23:25:00.232'),(431,'SAN004','Brisket Sandwich',2.000,32.00,64.00,'2026-04-28 23:06:27.412',93,47,'Ok','2026-04-28 22:39:08.442','2026-04-29 01:23:29.292'),(432,'SAN005','Cupim Sandwich',1.000,34.00,34.00,'2026-04-28 23:08:49.202',93,48,'Ok','2026-04-28 22:39:08.447','2026-04-29 01:23:29.295'),(433,'BEB016','Amstel 600ml',1.000,14.00,14.00,NULL,94,82,'2 copos','2026-04-28 22:44:02.598','2026-04-28 23:25:03.021'),(434,'BEB002','Coca-Cola',1.000,6.00,6.00,NULL,95,68,'ok','2026-04-28 22:46:51.320','2026-04-28 22:46:51.320'),(435,'ENT004','Beef Tartare',1.000,55.00,55.00,'2026-04-28 23:04:44.665',94,4,'Ok','2026-04-28 22:46:53.990','2026-04-28 23:25:03.024'),(436,'BEB011','Água com Gás',1.000,7.00,7.00,NULL,96,77,'..','2026-04-28 22:59:21.718','2026-04-29 00:07:58.152'),(437,'PROD-0088','SHOT DE LIMAO',1.000,3.00,3.00,NULL,96,88,'..','2026-04-28 22:59:21.724','2026-04-29 00:07:58.156'),(438,'SAN001','Sandwich Mignon',1.000,35.00,35.00,'2026-04-28 23:41:47.011',93,44,'..','2026-04-28 23:01:48.756','2026-04-29 01:23:29.298'),(439,'BEB003','Guaraná Zero',1.000,6.00,6.00,NULL,93,69,'2copo','2026-04-28 23:01:48.761','2026-04-29 01:23:29.300'),(440,'BEB011','Água com Gás',1.000,7.00,7.00,NULL,97,77,'ok','2026-04-28 23:02:37.676','2026-04-28 23:02:37.676'),(441,'SAN003','Crispy Chicken',1.000,32.00,32.00,'2026-04-28 23:41:47.838',93,46,'..','2026-04-28 23:03:01.442','2026-04-29 01:23:29.304'),(442,'PROD-0120','Vinho Branco Alfacinha',1.000,90.00,90.00,NULL,96,120,'Ok','2026-04-28 23:04:03.182','2026-04-29 00:07:58.159'),(443,'ENT014','Bolinho de Rabada',1.000,40.00,40.00,'2026-04-28 23:41:48.461',96,14,'Ok','2026-04-28 23:08:05.958','2026-04-29 00:07:58.163'),(445,'ENT015','Mignon alla Vodka',1.000,70.00,70.00,'2026-04-28 23:41:49.257',94,15,'Ao ponto','2026-04-28 23:24:44.330','2026-04-28 23:41:49.258'),(446,'BEB002','Coca-Cola',1.000,6.00,6.00,NULL,90,68,'1 copo ','2026-04-28 23:25:00.237','2026-04-28 23:25:00.237'),(447,'DRG011','Caipirinha',1.000,18.00,18.00,NULL,94,59,'Ok','2026-04-28 23:25:03.030','2026-04-28 23:25:03.030'),(448,'BEB012','Heineken Longneck',1.000,12.00,12.00,NULL,94,78,'Ok','2026-04-28 23:25:03.036','2026-04-28 23:25:03.036'),(449,'BEB013','Heineken 600ml',2.000,20.00,40.00,NULL,99,79,'Ok','2026-04-28 23:28:45.863','2026-04-29 00:19:58.037'),(450,'BEB016','Amstel 600ml',2.000,14.00,28.00,NULL,100,82,'Ok','2026-04-28 23:34:35.365','2026-04-29 00:01:47.909'),(451,'DRG004','Martini',1.000,32.00,32.00,NULL,100,52,'Ok','2026-04-28 23:34:35.372','2026-04-29 00:01:47.913'),(452,'PROD-0086','GIN TONICA TROPICAL',1.000,32.00,32.00,NULL,100,86,'Ok','2026-04-28 23:34:35.376','2026-04-29 00:01:47.915'),(453,'BEB011','Água com Gás',1.000,7.00,7.00,NULL,101,77,'1 c/gelo','2026-04-28 23:40:15.734','2026-04-29 00:32:27.211'),(454,'PROD-0088','SHOT DE LIMAO',1.000,3.00,3.00,NULL,101,88,'Ok','2026-04-28 23:40:15.741','2026-04-29 00:32:27.215'),(455,'BEB013','Heineken 600ml',2.000,20.00,40.00,NULL,101,79,'Ok','2026-04-28 23:40:15.746','2026-04-29 00:32:27.222'),(456,'COR008','Fraldinha Fugazzetta Black Angus',1.000,109.00,109.00,'2026-04-29 00:03:22.412',101,26,'Ao ponto','2026-04-28 23:45:33.451','2026-04-29 00:32:27.224'),(457,'ENT014','Bolinho de Rabada',1.000,40.00,40.00,'2026-04-29 00:03:26.319',99,14,'Ok','2026-04-28 23:47:07.752','2026-04-29 00:19:58.042'),(458,'COR003','Picanha Angus',1.000,139.00,139.00,'2026-04-29 00:23:00.208',96,21,'Ao ponto mais um pouco de al','2026-04-29 00:07:58.170','2026-04-29 00:23:00.208'),(459,'BEB011','Água com Gás',2.000,7.00,14.00,NULL,102,77,'ok','2026-04-29 00:28:47.074','2026-04-29 00:28:47.074'),(460,'BEB004','Fanta Laranja',1.000,6.00,6.00,NULL,103,70,'ok','2026-04-29 00:31:01.507','2026-04-29 00:31:01.507'),(461,'BEB002','Coca-Cola',3.000,6.00,18.00,NULL,103,68,'ok','2026-04-29 00:31:01.507','2026-04-29 00:31:01.507'),(462,'BEB002','Coca-Cola',3.000,6.00,18.00,NULL,104,68,'ok','2026-04-29 00:36:14.152','2026-04-29 00:36:14.152'),(463,'BEB011','Água com Gás',1.000,7.00,7.00,NULL,104,77,'okl','2026-04-29 00:36:14.152','2026-04-29 00:36:14.152'),(464,'BEB004','Fanta Laranja',1.000,6.00,6.00,NULL,104,70,'ok','2026-04-29 00:36:14.152','2026-04-29 00:36:14.152'),(465,'DRG008','Negroni',2.000,38.00,76.00,NULL,104,56,'ok','2026-04-29 00:36:14.152','2026-04-29 00:36:14.152'),(466,'PROD-0125','LIMONADA SUIÇA',1.000,18.00,18.00,NULL,89,125,'Ok','2026-04-29 00:43:29.546','2026-04-29 00:43:29.546'),(467,'SAN004','Brisket Sandwich',1.000,32.00,32.00,'2026-04-29 00:49:09.164',105,47,'ok','2026-04-29 00:46:54.462','2026-04-29 00:49:09.165'),(468,'BEB002','Coca-Cola',1.000,6.00,6.00,NULL,105,68,'ok','2026-04-29 00:46:54.468','2026-04-29 00:46:54.468'),(469,'DRG010','Caipiroska',3.000,25.00,75.00,NULL,106,58,'ok','2026-04-29 00:57:18.266','2026-04-29 00:57:18.266'),(470,'BEB011','Água com Gás',1.000,7.00,7.00,NULL,106,77,'ok','2026-04-29 00:57:18.272','2026-04-29 00:57:18.272'),(471,'PROD-0087','SODA ITALIANA',1.000,18.00,18.00,NULL,106,87,'ok','2026-04-29 00:57:18.278','2026-04-29 00:57:18.278'),(472,'PROD-0125','LIMONADA SUIÇA',1.000,18.00,18.00,NULL,106,125,'ok','2026-04-29 00:57:18.284','2026-04-29 00:57:18.284'),(473,'BEB003','Guaraná Zero',2.000,6.00,12.00,NULL,106,69,'ok','2026-04-29 00:57:18.289','2026-04-29 00:57:18.289'),(474,'PROD-0088','SHOT DE LIMAO',1.000,3.00,3.00,NULL,106,88,'ok','2026-04-29 00:57:18.295','2026-04-29 00:57:18.295'),(475,'PAS002','Filé alla Parmigiana - Mignon',1.000,150.00,150.00,'2026-04-29 01:17:55.552',107,32,'..mais batata ','2026-04-29 00:59:50.741','2026-04-29 01:17:55.552'),(476,'BEB001','Coca-Cola Zero',1.000,6.00,6.00,NULL,107,67,'2 copo gelo ','2026-04-29 01:00:17.444','2026-04-29 01:00:17.444'),(477,'ENT003','Coxinha Dom Juan',1.000,38.00,38.00,'2026-04-29 01:28:06.332',108,3,'Ok','2026-04-29 01:18:44.111','2026-04-29 01:28:06.333'),(478,'BEB002','Coca-Cola',1.000,6.00,6.00,NULL,109,68,'Ok','2026-04-29 01:20:35.796','2026-04-29 01:20:35.796'),(479,'PROD-0106','Vodka Absolut',1.000,28.00,28.00,NULL,110,106,'garrafa ','2026-04-29 01:33:43.806','2026-04-29 02:34:05.591'),(480,'ENT015','Mignon alla Vodka',1.000,70.00,70.00,'2026-04-29 01:46:25.907',110,15,'Ok','2026-04-29 01:36:18.733','2026-04-29 02:34:05.593'),(481,'BEB006','Red Bull Sem Açúcar',2.000,15.00,30.00,NULL,110,72,'Ok','2026-04-29 01:36:18.737','2026-04-29 02:34:05.596'),(482,'BEB008','Red Bull Melancia',5.000,15.00,75.00,NULL,110,74,'Ok','2026-04-29 01:36:18.743','2026-04-29 02:34:05.602'),(483,'GUA005','Farofa Crocante da Chef',1.000,10.00,10.00,'2026-04-29 01:46:27.719',110,39,'Ok','2026-04-29 01:36:18.748','2026-04-29 02:34:05.605'),(484,'GUA006','Vinagrete Dom Juan',1.000,10.00,10.00,'2026-04-29 01:46:29.036',110,40,'Ok','2026-04-29 01:36:18.753','2026-04-29 02:34:05.607'),(485,'BEB005','Red Bull Tradicional',2.000,15.00,30.00,NULL,110,71,'Ok','2026-04-29 01:36:18.757','2026-04-29 02:34:05.610'),(486,'ENT003','Coxinha Dom Juan',1.000,38.00,38.00,'2026-04-29 01:51:11.013',111,3,'Ok','2026-04-29 01:39:20.979','2026-04-29 02:10:46.595'),(487,'BEB005','Red Bull Tradicional',1.000,15.00,15.00,NULL,111,71,'Ok','2026-04-29 02:10:46.599','2026-04-29 02:10:46.599'),(488,'BEB005','Red Bull Tradicional',1.000,15.00,15.00,NULL,112,71,'ok','2026-04-29 02:37:08.903','2026-04-29 02:37:08.903');
/*!40000 ALTER TABLE `order_items` ENABLE KEYS */;
UNLOCK TABLES;

--
-- Table structure for table `order_productions`
--

DROP TABLE IF EXISTS `order_productions`;
/*!40101 SET @saved_cs_client     = @@character_set_client */;
/*!50503 SET character_set_client = utf8mb4 */;
CREATE TABLE `order_productions` (
  `id` int NOT NULL AUTO_INCREMENT,
  `order_item_id` int NOT NULL,
  `production_location` varchar(191) CHARACTER SET utf8mb4 COLLATE utf8mb4_unicode_ci NOT NULL,
  `status` enum('PENDING','IN_PROGRESS','COMPLETED','CANCELED') CHARACTER SET utf8mb4 COLLATE utf8mb4_unicode_ci NOT NULL DEFAULT 'PENDING',
  `quantity_requested` decimal(10,3) NOT NULL,
  `quantity_produced` decimal(10,3) NOT NULL DEFAULT '0.000',
  `pending_at` datetime(3) NOT NULL DEFAULT CURRENT_TIMESTAMP(3),
  `started_at` datetime(3) DEFAULT NULL,
  `completed_at` datetime(3) DEFAULT NULL,
  `delivered_at` datetime(3) DEFAULT NULL,
  `observation` varchar(191) CHARACTER SET utf8mb4 COLLATE utf8mb4_unicode_ci DEFAULT NULL,
  `created_at` datetime(3) NOT NULL DEFAULT CURRENT_TIMESTAMP(3),
  `updated_at` datetime(3) NOT NULL,
  PRIMARY KEY (`id`),
  KEY `order_productions_order_item_id_idx` (`order_item_id`),
  KEY `order_productions_production_location_idx` (`production_location`),
  KEY `order_productions_status_idx` (`status`),
  KEY `order_productions_pending_at_idx` (`pending_at`),
  KEY `order_productions_started_at_idx` (`started_at`),
  KEY `order_productions_completed_at_idx` (`completed_at`),
  CONSTRAINT `order_productions_order_item_id_fkey` FOREIGN KEY (`order_item_id`) REFERENCES `order_items` (`id`) ON DELETE CASCADE ON UPDATE CASCADE
) ENGINE=InnoDB AUTO_INCREMENT=294 DEFAULT CHARSET=utf8mb4 COLLATE=utf8mb4_unicode_ci;
/*!40101 SET character_set_client = @saved_cs_client */;

--
-- Dumping data for table `order_productions`
--

LOCK TABLES `order_productions` WRITE;
/*!40000 ALTER TABLE `order_productions` DISABLE KEYS */;
INSERT INTO `order_productions` VALUES (1,1,'COZINHA_DOM_JUAN','COMPLETED',1.000,1.000,'2026-04-24 22:24:42.953','2026-04-24 22:28:51.808','2026-04-24 22:28:52.579','2026-04-24 22:29:02.960','ra','2026-04-24 22:24:42.954','2026-04-24 22:29:02.961'),(2,2,'BAR','COMPLETED',1.000,1.000,'2026-04-24 22:25:23.930','2026-04-24 22:28:51.056','2026-04-24 22:28:53.569','2026-04-24 22:28:57.909','hgfhf','2026-04-24 22:25:23.931','2026-04-24 22:28:57.911'),(3,6,'BAR','COMPLETED',1.000,1.000,'2026-04-24 22:41:01.021','2026-04-27 16:08:41.861','2026-04-27 16:09:45.722','2026-04-27 16:11:22.246',',,','2026-04-24 22:41:01.022','2026-04-27 16:11:22.247'),(4,7,'COZINHA_DOM_JUAN','COMPLETED',1.000,1.000,'2026-04-24 22:43:33.850','2026-04-24 22:45:01.686','2026-04-24 23:13:00.545','2026-04-25 16:37:26.166','., Ao ponto, Ok','2026-04-24 22:43:33.851','2026-04-25 16:37:26.168'),(5,9,'COZINHA_DOM_JUAN','COMPLETED',1.000,1.000,'2026-04-24 22:43:33.862','2026-04-24 22:49:14.359','2026-04-24 23:13:04.558','2026-04-25 16:37:27.018','., Ok','2026-04-24 22:43:33.863','2026-04-25 16:37:27.019'),(7,15,'COZINHA_DOM_JUAN','COMPLETED',1.000,1.000,'2026-04-24 23:00:33.779','2026-04-24 23:01:04.739','2026-04-24 23:14:33.008','2026-04-25 16:37:27.734','Ao ponto menos','2026-04-24 23:00:33.780','2026-04-25 16:37:27.736'),(11,25,'BAR','COMPLETED',1.000,1.000,'2026-04-24 23:15:56.796','2026-04-27 16:08:42.768','2026-04-27 16:09:46.555','2026-04-27 16:11:22.967','Ok','2026-04-24 23:15:56.797','2026-04-27 16:11:22.968'),(12,26,'COZINHA_DOM_JUAN','COMPLETED',1.000,1.000,'2026-04-24 23:16:46.385','2026-04-24 23:22:03.944','2026-04-24 23:43:12.654','2026-04-25 16:37:28.419',',,','2026-04-24 23:16:46.386','2026-04-25 16:37:28.420'),(13,27,'COZINHA_DOM_JUAN','COMPLETED',1.000,1.000,'2026-04-24 23:17:58.399','2026-04-24 23:22:08.228','2026-04-24 23:46:33.972','2026-04-25 16:37:29.068','Ao ponto pra mais ','2026-04-24 23:17:58.400','2026-04-25 16:37:29.069'),(14,29,'BAR','COMPLETED',1.000,1.000,'2026-04-24 23:19:09.141','2026-04-27 16:08:43.738','2026-04-27 16:09:47.313','2026-04-27 16:11:23.666','Ok','2026-04-24 23:19:09.143','2026-04-27 16:11:23.668'),(15,31,'COZINHA_DOM_JUAN','COMPLETED',1.000,1.000,'2026-04-24 23:21:59.450','2026-04-24 23:22:05.383','2026-04-24 23:46:41.472','2026-04-25 16:37:29.759','..','2026-04-24 23:21:59.451','2026-04-25 16:37:29.760'),(16,32,'COZINHA_DOM_JUAN','COMPLETED',1.000,1.000,'2026-04-24 23:22:30.219','2026-04-24 23:23:48.206','2026-04-24 23:43:55.495','2026-04-25 16:37:30.487','Ok','2026-04-24 23:22:30.220','2026-04-25 16:37:30.488'),(17,33,'COZINHA_DOM_JUAN','COMPLETED',1.000,1.000,'2026-04-24 23:22:30.224','2026-04-24 23:23:49.954','2026-04-24 23:45:58.505','2026-04-25 16:37:31.025','Ok','2026-04-24 23:22:30.225','2026-04-25 16:37:31.027'),(18,35,'BAR','COMPLETED',1.000,1.000,'2026-04-24 23:24:32.379','2026-04-27 16:08:45.321','2026-04-27 16:09:48.116','2026-04-27 16:11:24.346',',,','2026-04-24 23:24:32.380','2026-04-27 16:11:24.347'),(19,36,'BAR','COMPLETED',1.000,1.000,'2026-04-24 23:24:32.383','2026-04-27 16:08:46.552','2026-04-27 16:09:48.865','2026-04-27 16:11:24.968',',,','2026-04-24 23:24:32.384','2026-04-27 16:11:24.970'),(20,38,'BAR','COMPLETED',1.000,1.000,'2026-04-24 23:31:20.428','2026-04-27 16:08:47.625','2026-04-27 16:09:49.579','2026-04-27 16:11:25.669','..','2026-04-24 23:31:20.429','2026-04-27 16:11:25.670'),(21,41,'COZINHA_DOM_JUAN','COMPLETED',1.000,1.000,'2026-04-24 23:32:11.273','2026-04-24 23:32:43.139','2026-04-24 23:46:01.600','2026-04-25 16:37:31.618','Ok','2026-04-24 23:32:11.274','2026-04-25 16:37:31.620'),(22,42,'COZINHA_DOM_JUAN','COMPLETED',1.000,1.000,'2026-04-24 23:32:11.278','2026-04-24 23:32:45.430','2026-04-24 23:44:42.695','2026-04-25 16:37:32.196','Ok','2026-04-24 23:32:11.279','2026-04-25 16:37:32.198'),(23,43,'COZINHA_DOM_JUAN','COMPLETED',1.000,1.000,'2026-04-24 23:32:11.283','2026-04-24 23:32:50.303','2026-04-24 23:44:55.343','2026-04-25 16:37:32.950','Ok','2026-04-24 23:32:11.284','2026-04-25 16:37:32.952'),(24,36,'BAR','COMPLETED',2.000,2.000,'2026-04-24 23:35:46.365','2026-04-27 16:08:48.428','2026-04-27 16:09:50.236','2026-04-27 16:11:26.298',',,','2026-04-24 23:35:46.366','2026-04-27 16:11:26.299'),(25,44,'COZINHA_DOM_JUAN','COMPLETED',1.000,1.000,'2026-04-24 23:35:46.375','2026-04-24 23:41:09.359','2026-04-24 23:47:21.538','2026-04-25 16:37:33.500',',,','2026-04-24 23:35:46.376','2026-04-25 16:37:33.502'),(26,45,'COZINHA_DOM_JUAN','COMPLETED',1.000,1.000,'2026-04-24 23:35:46.380','2026-04-24 23:41:10.734','2026-04-24 23:47:22.745','2026-04-25 16:37:34.052',',,','2026-04-24 23:35:46.381','2026-04-25 16:37:34.054'),(27,46,'COZINHA_DOM_JUAN','COMPLETED',1.000,1.000,'2026-04-24 23:35:46.385','2026-04-24 23:41:12.568','2026-04-24 23:47:24.510','2026-04-25 16:37:34.622',' ,,','2026-04-24 23:35:46.386','2026-04-25 16:37:34.623'),(28,47,'COZINHA_DOM_JUAN','COMPLETED',1.000,1.000,'2026-04-24 23:39:21.349','2026-04-24 23:41:22.245','2026-04-24 23:51:15.291','2026-04-25 16:37:35.202','.. ','2026-04-24 23:39:21.350','2026-04-25 16:37:35.204'),(29,48,'COZINHA_DOM_JUAN','COMPLETED',1.000,1.000,'2026-04-24 23:40:30.457','2026-04-24 23:41:23.423','2026-04-24 23:54:07.238','2026-04-25 16:37:35.699','Ok','2026-04-24 23:40:30.457','2026-04-25 16:37:35.701'),(30,35,'BAR','COMPLETED',1.000,1.000,'2026-04-24 23:45:46.118','2026-04-27 16:08:49.295','2026-04-27 16:09:50.911','2026-04-27 16:11:26.922',',,','2026-04-24 23:45:46.119','2026-04-27 16:11:26.923'),(31,53,'COZINHA_DOM_JUAN','COMPLETED',1.000,1.000,'2026-04-24 23:48:21.770','2026-04-24 23:48:52.455','2026-04-24 23:59:13.932','2026-04-25 16:37:36.286','..','2026-04-24 23:48:21.771','2026-04-25 16:37:36.287'),(32,55,'BAR','COMPLETED',1.000,1.000,'2026-04-24 23:49:14.356','2026-04-27 16:08:50.287','2026-04-27 16:09:51.519','2026-04-27 16:11:27.530','.. ','2026-04-24 23:49:14.356','2026-04-27 16:11:27.531'),(33,32,'COZINHA_DOM_JUAN','COMPLETED',1.000,1.000,'2026-04-24 23:54:32.264','2026-04-24 23:54:58.852','2026-04-25 00:02:14.811','2026-04-25 16:37:36.835','Ok','2026-04-24 23:54:32.265','2026-04-25 16:37:36.837'),(34,33,'COZINHA_DOM_JUAN','COMPLETED',1.000,1.000,'2026-04-24 23:54:32.270','2026-04-24 23:55:05.704','2026-04-25 00:02:15.963','2026-04-25 16:37:37.325','Ok','2026-04-24 23:54:32.271','2026-04-25 16:37:37.327'),(35,61,'COZINHA_DOM_JUAN','COMPLETED',1.000,1.000,'2026-04-24 23:54:56.580','2026-04-24 23:55:15.192','2026-04-24 23:59:26.901','2026-04-25 16:37:37.821','.. ','2026-04-24 23:54:56.581','2026-04-25 16:37:37.822'),(36,32,'COZINHA_DOM_JUAN','CANCELED',1.000,0.000,'2026-04-24 23:56:52.378',NULL,NULL,NULL,'Ok','2026-04-24 23:56:52.379','2026-04-24 23:57:02.530'),(37,33,'COZINHA_DOM_JUAN','CANCELED',1.000,0.000,'2026-04-24 23:56:52.382',NULL,NULL,NULL,'Ok','2026-04-24 23:56:52.383','2026-04-24 23:57:02.536'),(38,65,'BAR','COMPLETED',1.000,1.000,'2026-04-24 23:56:58.197','2026-04-27 16:08:51.109','2026-04-27 16:09:52.044','2026-04-27 16:11:28.088','Ok','2026-04-24 23:56:58.198','2026-04-27 16:11:28.090'),(39,68,'BAR','COMPLETED',1.000,1.000,'2026-04-25 00:04:07.328','2026-04-27 16:08:52.012','2026-04-27 16:09:52.914','2026-04-27 16:11:28.648',',,','2026-04-25 00:04:07.329','2026-04-27 16:11:28.649'),(40,70,'COZINHA_DOM_JUAN','COMPLETED',1.000,1.000,'2026-04-25 00:04:07.338','2026-04-25 00:04:45.032','2026-04-25 00:33:07.944','2026-04-25 16:37:38.366','Ao ponto','2026-04-25 00:04:07.339','2026-04-25 16:37:38.368'),(41,71,'COZINHA_DOM_JUAN','COMPLETED',1.000,1.000,'2026-04-25 00:04:43.020','2026-04-25 00:05:42.633','2026-04-25 00:29:21.365','2026-04-25 16:37:38.869','cortado em tiras ','2026-04-25 00:04:43.021','2026-04-25 16:37:38.870'),(42,73,'COZINHA_DOM_JUAN','COMPLETED',1.000,1.000,'2026-04-25 00:05:17.726','2026-04-25 00:05:44.060','2026-04-25 00:32:54.814','2026-04-25 16:37:39.367','..','2026-04-25 00:05:17.727','2026-04-25 16:37:39.369'),(43,75,'COZINHA_DOM_JUAN','COMPLETED',1.000,1.000,'2026-04-25 00:08:47.503','2026-04-25 00:09:28.435','2026-04-25 00:29:29.198','2026-04-25 16:37:39.832','Ok','2026-04-25 00:08:47.504','2026-04-25 16:37:39.834'),(44,76,'COZINHA_DOM_JUAN','COMPLETED',2.000,2.000,'2026-04-25 00:10:46.968','2026-04-25 00:12:16.729','2026-04-25 00:29:26.156','2026-04-25 16:37:40.309','SEM NADA DE MANTEIGA! ','2026-04-25 00:10:46.970','2026-04-25 16:37:40.310'),(45,32,'COZINHA_DOM_JUAN','COMPLETED',1.000,1.000,'2026-04-25 00:14:47.844','2026-04-25 00:15:26.044','2026-04-25 00:32:50.297','2026-04-25 16:37:40.749','Ok','2026-04-25 00:14:47.845','2026-04-25 16:37:40.750'),(46,33,'COZINHA_DOM_JUAN','COMPLETED',1.000,1.000,'2026-04-25 00:14:47.850','2026-04-25 00:15:27.770','2026-04-25 00:32:44.651','2026-04-25 16:37:41.233','Ok','2026-04-25 00:14:47.852','2026-04-25 16:37:41.234'),(47,80,'COZINHA_DOM_JUAN','COMPLETED',1.000,1.000,'2026-04-25 00:15:20.062','2026-04-25 00:15:36.612','2026-04-25 00:32:35.663','2026-04-25 16:37:41.710','bem passado','2026-04-25 00:15:20.063','2026-04-25 16:37:41.712'),(48,82,'BAR','COMPLETED',1.000,1.000,'2026-04-25 00:15:20.073','2026-04-27 16:08:52.839','2026-04-27 16:09:53.430','2026-04-27 16:11:29.231','pouco açúcar ','2026-04-25 00:15:20.074','2026-04-27 16:11:29.232'),(50,84,'COZINHA_DOM_JUAN','COMPLETED',1.000,1.000,'2026-04-25 00:16:37.155','2026-04-25 00:17:01.977','2026-04-25 00:29:44.261','2026-04-25 16:37:42.185','ao ponto pra menos','2026-04-25 00:16:37.156','2026-04-25 16:37:42.186'),(51,86,'COZINHA_DOM_JUAN','COMPLETED',2.000,2.000,'2026-04-25 00:17:43.936','2026-04-25 00:19:48.909','2026-04-25 00:38:48.682','2026-04-25 16:37:42.689','..','2026-04-25 00:17:43.937','2026-04-25 16:37:42.690'),(52,87,'COZINHA_DOM_JUAN','COMPLETED',1.000,1.000,'2026-04-25 00:20:59.043','2026-04-25 00:22:28.604','2026-04-25 00:40:18.669','2026-04-25 16:37:43.138','..','2026-04-25 00:20:59.044','2026-04-25 16:37:43.139'),(53,90,'COZINHA_DOM_JUAN','COMPLETED',1.000,1.000,'2026-04-25 00:24:55.053','2026-04-25 00:26:18.424','2026-04-25 00:49:25.165','2026-04-25 16:37:43.625','..','2026-04-25 00:24:55.054','2026-04-25 16:37:43.626'),(54,91,'COZINHA_DOM_JUAN','COMPLETED',1.000,1.000,'2026-04-25 00:26:41.255','2026-04-25 00:27:01.149','2026-04-25 00:48:31.127','2026-04-25 16:37:44.063','ao ponto','2026-04-25 00:26:41.255','2026-04-25 16:37:44.064'),(55,43,'COZINHA_DOM_JUAN','CANCELED',1.000,0.000,'2026-04-25 00:27:57.239',NULL,NULL,NULL,'Ok','2026-04-25 00:27:57.240','2026-04-25 00:28:10.422'),(56,93,'COZINHA_DOM_JUAN','COMPLETED',1.000,1.000,'2026-04-25 00:30:19.331','2026-04-25 00:31:16.870','2026-04-25 00:52:36.318','2026-04-25 16:37:44.539','..','2026-04-25 00:30:19.332','2026-04-25 16:37:44.540'),(57,94,'COZINHA_DOM_JUAN','COMPLETED',1.000,1.000,'2026-04-25 00:41:17.394','2026-04-25 00:42:38.065','2026-04-25 01:07:57.470','2026-04-25 16:37:44.972','Bem passada','2026-04-25 00:41:17.395','2026-04-25 16:37:44.973'),(58,95,'COZINHA_DOM_JUAN','COMPLETED',1.000,1.000,'2026-04-25 00:41:17.398','2026-04-25 00:42:42.190','2026-04-25 00:56:44.617','2026-04-25 16:37:45.417','Ao ponto','2026-04-25 00:41:17.399','2026-04-25 16:37:45.418'),(59,96,'COZINHA_DOM_JUAN','COMPLETED',1.000,1.000,'2026-04-25 00:41:48.374','2026-04-25 00:42:43.517','2026-04-25 01:14:34.601','2026-04-25 16:37:45.838','Ao ponto','2026-04-25 00:41:48.375','2026-04-25 16:37:45.839'),(60,97,'COZINHA_DOM_JUAN','COMPLETED',1.000,1.000,'2026-04-25 00:41:49.537','2026-04-25 00:42:45.825','2026-04-25 01:14:50.033','2026-04-25 16:37:46.293','.. ','2026-04-25 00:41:49.538','2026-04-25 16:37:46.294'),(61,98,'BAR','COMPLETED',1.000,1.000,'2026-04-25 00:42:00.607','2026-04-27 16:08:53.664','2026-04-27 16:09:54.329','2026-04-27 16:11:29.923',',,','2026-04-25 00:42:00.608','2026-04-27 16:11:29.925'),(62,99,'BAR','COMPLETED',2.000,2.000,'2026-04-25 00:42:00.612','2026-04-27 16:08:54.541','2026-04-27 16:09:55.075','2026-04-27 16:11:30.504','Ok','2026-04-25 00:42:00.613','2026-04-27 16:11:30.505'),(63,100,'COZINHA_DOM_JUAN','COMPLETED',1.000,1.000,'2026-04-25 00:42:00.617','2026-04-25 00:42:47.487','2026-04-25 01:24:01.075','2026-04-25 16:37:46.738','Bem passada','2026-04-25 00:42:00.617','2026-04-25 16:37:46.739'),(64,101,'COZINHA_DOM_JUAN','COMPLETED',1.000,1.000,'2026-04-25 00:42:00.621','2026-04-25 00:42:48.801','2026-04-25 01:23:52.835','2026-04-25 16:37:47.133','ir primeiro que a maminha','2026-04-25 00:42:00.622','2026-04-25 16:37:47.134'),(65,102,'COZINHA_DOM_JUAN','COMPLETED',1.000,1.000,'2026-04-25 00:44:09.051','2026-04-25 00:45:18.711','2026-04-25 01:30:04.285','2026-04-25 16:37:47.572','.. ','2026-04-25 00:44:09.052','2026-04-25 16:37:47.574'),(66,94,'COZINHA_DOM_JUAN','COMPLETED',1.000,1.000,'2026-04-25 00:44:48.538','2026-04-25 00:45:19.813','2026-04-25 01:08:17.549','2026-04-25 16:37:48.001','mau passada','2026-04-25 00:44:48.539','2026-04-25 16:37:48.002'),(67,108,'COZINHA_DOM_JUAN','COMPLETED',1.000,1.000,'2026-04-25 00:51:00.406','2026-04-25 00:52:46.053','2026-04-25 01:14:53.687','2026-04-25 16:37:48.431','.. ','2026-04-25 00:51:00.407','2026-04-25 16:37:48.433'),(68,109,'COZINHA_DOM_JUAN','COMPLETED',1.000,1.000,'2026-04-25 00:51:00.410','2026-04-25 00:52:47.689','2026-04-25 01:31:54.592','2026-04-25 16:37:48.838','AO PONTO','2026-04-25 00:51:00.411','2026-04-25 16:37:48.840'),(70,112,'COZINHA_DOM_JUAN','COMPLETED',1.000,1.000,'2026-04-25 00:52:41.130','2026-04-25 00:52:49.534','2026-04-25 01:25:37.268','2026-04-25 16:37:49.243','.. ','2026-04-25 00:52:41.130','2026-04-25 16:37:49.245'),(71,113,'COZINHA_DOM_JUAN','COMPLETED',1.000,1.000,'2026-04-25 00:58:18.920','2026-04-25 01:02:50.178','2026-04-25 01:31:58.067','2026-04-25 16:37:49.665','... ','2026-04-25 00:58:18.920','2026-04-25 16:37:49.666'),(72,115,'COZINHA_DOM_JUAN','COMPLETED',1.000,1.000,'2026-04-25 00:59:54.451','2026-04-25 01:02:51.216','2026-04-25 02:05:43.552','2026-04-25 16:37:50.087','.. ','2026-04-25 00:59:54.452','2026-04-25 16:37:50.088'),(73,116,'COZINHA_DOM_JUAN','COMPLETED',1.000,1.000,'2026-04-25 01:01:31.819','2026-04-25 01:02:52.226','2026-04-25 02:08:39.486','2026-04-25 16:37:50.734','ao ponto menos','2026-04-25 01:01:31.820','2026-04-25 16:37:50.736'),(75,122,'COZINHA_DOM_JUAN','COMPLETED',1.000,1.000,'2026-04-25 01:14:39.360','2026-04-25 01:14:57.130','2026-04-25 01:35:21.775','2026-04-25 16:37:51.626','.. ','2026-04-25 01:14:39.361','2026-04-25 16:37:51.628'),(76,87,'COZINHA_DOM_JUAN','COMPLETED',1.000,1.000,'2026-04-25 01:15:37.336','2026-04-25 01:15:57.763','2026-04-25 02:08:42.305','2026-04-25 16:37:52.094','..','2026-04-25 01:15:37.337','2026-04-25 16:37:52.096'),(77,123,'COZINHA_DOM_JUAN','COMPLETED',1.000,1.000,'2026-04-25 01:16:00.558','2026-04-25 01:17:34.371','2026-04-25 02:28:03.799','2026-04-25 16:37:52.552','.. ','2026-04-25 01:16:00.559','2026-04-25 16:37:52.553'),(78,124,'COZINHA_DOM_JUAN','COMPLETED',1.000,1.000,'2026-04-25 01:16:19.458','2026-04-25 01:18:00.609','2026-04-25 02:08:49.475','2026-04-25 16:37:53.023','ao ponto','2026-04-25 01:16:19.459','2026-04-25 16:37:53.024'),(79,125,'COZINHA_DOM_JUAN','COMPLETED',1.000,1.000,'2026-04-25 01:17:48.337','2026-04-25 01:18:01.799','2026-04-25 02:08:51.611','2026-04-25 16:37:53.448','..','2026-04-25 01:17:48.338','2026-04-25 16:37:53.450'),(80,127,'BAR','COMPLETED',2.000,2.000,'2026-04-25 01:18:05.088','2026-04-27 16:08:55.405','2026-04-27 16:09:55.754','2026-04-27 16:11:31.067','limão ','2026-04-25 01:18:05.089','2026-04-27 16:11:31.068'),(81,128,'BAR','COMPLETED',1.000,1.000,'2026-04-25 01:18:49.636','2026-04-27 16:08:56.214','2026-04-27 16:09:59.523','2026-04-27 16:11:31.652','..','2026-04-25 01:18:49.637','2026-04-27 16:11:31.653'),(82,99,'BAR','COMPLETED',1.000,1.000,'2026-04-25 01:19:36.686','2026-04-27 16:08:57.035','2026-04-27 16:10:00.489','2026-04-27 16:11:32.269','Ok','2026-04-25 01:19:36.687','2026-04-27 16:11:32.271'),(83,99,'BAR','COMPLETED',1.000,1.000,'2026-04-25 01:20:07.465','2026-04-27 16:08:57.893','2026-04-27 16:10:01.619','2026-04-27 16:11:32.817','Ok','2026-04-25 01:20:07.466','2026-04-27 16:11:32.818'),(84,130,'COZINHA_DOM_JUAN','COMPLETED',1.000,1.000,'2026-04-25 01:20:52.100','2026-04-25 01:21:39.037','2026-04-25 02:07:42.069','2026-04-25 16:37:53.801','..','2026-04-25 01:20:52.100','2026-04-25 16:37:53.802'),(85,131,'COZINHA_DOM_JUAN','COMPLETED',2.000,2.000,'2026-04-25 01:21:02.465','2026-04-25 01:21:40.093','2026-04-25 01:53:34.637','2026-04-25 16:37:54.189','Ok','2026-04-25 01:21:02.467','2026-04-25 16:37:54.191'),(86,73,'COZINHA_DOM_JUAN','COMPLETED',1.000,1.000,'2026-04-25 01:39:23.531','2026-04-25 01:41:06.714','2026-04-25 01:55:47.348','2026-04-25 16:37:54.612','..','2026-04-25 01:39:23.532','2026-04-25 16:37:54.613'),(87,38,'BAR','COMPLETED',1.000,1.000,'2026-04-25 01:45:41.458','2026-04-27 16:08:58.721','2026-04-27 16:10:02.535','2026-04-27 16:11:33.665','..','2026-04-25 01:45:41.459','2026-04-27 16:11:33.667'),(88,123,'COZINHA_DOM_JUAN','CANCELED',1.000,0.000,'2026-04-25 01:58:04.257',NULL,NULL,NULL,'.., Ao ponto','2026-04-25 01:58:04.258','2026-04-25 01:58:10.913'),(89,124,'COZINHA_DOM_JUAN','CANCELED',1.000,0.000,'2026-04-25 01:58:04.262',NULL,NULL,NULL,'ao ponto, Ao ponto','2026-04-25 01:58:04.263','2026-04-25 01:58:10.918'),(90,93,'COZINHA_DOM_JUAN','COMPLETED',1.000,1.000,'2026-04-25 02:08:54.998','2026-04-25 02:09:24.806','2026-04-25 02:14:24.461','2026-04-25 16:37:55.370','..','2026-04-25 02:08:54.999','2026-04-25 16:37:55.372'),(92,138,'COZINHA_DOM_JUAN','COMPLETED',1.000,1.000,'2026-04-25 02:37:45.507','2026-04-25 02:58:58.057','2026-04-25 02:59:01.077','2026-04-25 16:37:55.851','..','2026-04-25 02:37:45.508','2026-04-25 16:37:55.852'),(93,139,'BAR','COMPLETED',1.000,1.000,'2026-04-25 02:45:32.161','2026-04-27 16:08:59.525','2026-04-27 16:10:03.345','2026-04-27 16:11:34.224','troca','2026-04-25 02:45:32.162','2026-04-27 16:11:34.225'),(94,143,'COZINHA_DOM_JUAN','COMPLETED',2.000,2.000,'2026-04-25 04:15:40.190','2026-04-25 04:25:48.267','2026-04-25 04:25:55.936','2026-04-25 16:37:56.292','..','2026-04-25 04:15:40.193','2026-04-25 16:37:56.293'),(95,146,'COZINHA_DOM_JUAN','COMPLETED',1.000,1.000,'2026-04-25 04:17:12.017','2026-04-25 04:25:50.070','2026-04-25 04:25:57.050','2026-04-25 16:37:56.716','..','2026-04-25 04:17:12.018','2026-04-25 16:37:56.717'),(96,147,'COZINHA_DOM_JUAN','COMPLETED',1.000,1.000,'2026-04-25 04:17:12.021','2026-04-25 04:25:51.523','2026-04-25 04:25:57.755','2026-04-25 16:37:57.192','..','2026-04-25 04:17:12.022','2026-04-25 16:37:57.193'),(97,93,'COZINHA_DOM_JUAN','COMPLETED',1.000,1.000,'2026-04-25 04:21:57.003','2026-04-25 04:25:53.458','2026-04-25 04:25:58.468','2026-04-25 16:37:58.009','..','2026-04-25 04:21:57.004','2026-04-25 16:37:58.011'),(104,171,'BAR','COMPLETED',1.000,1.000,'2026-04-25 22:51:02.439','2026-04-27 16:09:00.358','2026-04-27 16:10:04.095','2026-04-27 16:11:34.814','MORANGO, Ok','2026-04-25 22:51:02.440','2026-04-27 16:11:34.816'),(105,176,'COZINHA_DOM_JUAN','COMPLETED',1.000,1.000,'2026-04-25 23:02:15.412','2026-04-25 23:03:25.920','2026-04-25 23:19:47.774','2026-04-26 03:01:43.461','Ok','2026-04-25 23:02:15.413','2026-04-26 03:01:43.463'),(106,177,'BAR','COMPLETED',1.000,1.000,'2026-04-25 23:02:28.130','2026-04-27 16:09:01.181','2026-04-27 16:10:04.815','2026-04-27 16:11:35.380','..','2026-04-25 23:02:28.131','2026-04-27 16:11:35.381'),(107,178,'COZINHA_DOM_JUAN','COMPLETED',1.000,1.000,'2026-04-25 23:02:28.134','2026-04-25 23:03:27.191','2026-04-25 23:19:51.496','2026-04-26 03:01:44.381','..','2026-04-25 23:02:28.135','2026-04-26 03:01:44.382'),(108,177,'BAR','COMPLETED',1.000,1.000,'2026-04-25 23:04:41.257','2026-04-27 16:09:01.984','2026-04-27 16:10:05.589','2026-04-27 16:11:35.995','..','2026-04-25 23:04:41.259','2026-04-27 16:11:35.996'),(109,181,'COZINHA_DOM_JUAN','COMPLETED',1.000,1.000,'2026-04-25 23:07:39.232','2026-04-25 23:09:32.829','2026-04-25 23:35:46.909','2026-04-26 03:01:45.075','Ao ponto','2026-04-25 23:07:39.233','2026-04-26 03:01:45.076'),(110,182,'COZINHA_DOM_JUAN','COMPLETED',1.000,1.000,'2026-04-25 23:10:29.265','2026-04-25 23:13:02.090','2026-04-25 23:37:41.295','2026-04-26 03:01:45.710','Bem passada,  segundo prato a ir ','2026-04-25 23:10:29.266','2026-04-26 03:01:45.712'),(111,183,'COZINHA_DOM_JUAN','COMPLETED',1.000,1.000,'2026-04-25 23:10:29.270','2026-04-25 23:13:02.955','2026-04-25 23:22:48.467','2026-04-26 03:01:46.984','primeiro a ir a mesa, Bem passada','2026-04-25 23:10:29.270','2026-04-26 03:01:46.986'),(112,186,'COZINHA_DOM_JUAN','COMPLETED',1.000,1.000,'2026-04-25 23:20:41.558','2026-04-25 23:21:06.338','2026-04-25 23:49:32.419','2026-04-26 03:01:47.700','.. ','2026-04-25 23:20:41.559','2026-04-26 03:01:47.702'),(113,177,'BAR','COMPLETED',1.000,1.000,'2026-04-25 23:21:24.986','2026-04-27 16:09:02.800','2026-04-27 16:10:06.494','2026-04-27 16:11:36.834','..','2026-04-25 23:21:24.987','2026-04-27 16:11:36.835'),(114,188,'BAR','COMPLETED',2.000,2.000,'2026-04-25 23:21:25.007','2026-04-27 16:09:03.569','2026-04-27 16:10:07.095','2026-04-27 16:11:37.584','Ok','2026-04-25 23:21:25.008','2026-04-27 16:11:37.586'),(115,189,'COZINHA_DOM_JUAN','COMPLETED',1.000,1.000,'2026-04-25 23:24:37.776','2026-04-25 23:25:33.680','2026-04-25 23:37:46.411','2026-04-26 03:01:48.546','..','2026-04-25 23:24:37.777','2026-04-26 03:01:48.547'),(116,191,'BAR','COMPLETED',1.000,1.000,'2026-04-25 23:26:27.810','2026-04-27 16:09:04.322','2026-04-27 16:10:07.882','2026-04-27 16:11:38.314','Ok','2026-04-25 23:26:27.811','2026-04-27 16:11:38.316'),(117,192,'BAR','COMPLETED',1.000,1.000,'2026-04-25 23:26:27.815','2026-04-27 16:09:05.146','2026-04-27 16:10:08.513','2026-04-27 16:11:38.961','morango','2026-04-25 23:26:27.816','2026-04-27 16:11:38.962'),(118,195,'COZINHA_DOM_JUAN','COMPLETED',1.000,1.000,'2026-04-25 23:28:49.891','2026-04-25 23:29:35.987','2026-04-25 23:37:51.453','2026-04-26 03:01:49.585','tudo com o pão de alho e o baby Beef ','2026-04-25 23:28:49.892','2026-04-26 03:01:49.586'),(119,198,'BAR','COMPLETED',1.000,1.000,'2026-04-25 23:36:20.448','2026-04-27 16:09:05.985','2026-04-27 16:10:09.277','2026-04-27 16:11:39.590','UMA DE MORANGO E UMA DE LIMAO','2026-04-25 23:36:20.449','2026-04-27 16:11:39.591'),(120,199,'COZINHA_DOM_JUAN','COMPLETED',1.000,1.000,'2026-04-25 23:38:30.068','2026-04-25 23:39:14.022','2026-04-25 23:44:44.560','2026-04-26 03:01:50.727','.. ','2026-04-25 23:38:30.069','2026-04-26 03:01:50.729'),(121,198,'BAR','COMPLETED',1.000,1.000,'2026-04-25 23:44:26.739','2026-04-27 16:09:06.835','2026-04-27 16:10:10.029','2026-04-27 16:11:40.222','UMA DE MORANGO E UMA DE LIMAO','2026-04-25 23:44:26.740','2026-04-27 16:11:40.223'),(122,204,'BAR','COMPLETED',1.000,1.000,'2026-04-25 23:44:49.694','2026-04-27 16:09:07.614','2026-04-27 16:10:11.028','2026-04-27 16:11:40.869','Ok','2026-04-25 23:44:49.695','2026-04-27 16:11:40.870'),(123,205,'BAR','COMPLETED',1.000,1.000,'2026-04-25 23:44:49.700','2026-04-27 16:09:08.404','2026-04-27 16:10:11.743','2026-04-27 16:11:41.524','Ok','2026-04-25 23:44:49.701','2026-04-27 16:11:41.525'),(124,207,'BAR','COMPLETED',1.000,1.000,'2026-04-25 23:46:02.196','2026-04-27 16:09:09.171','2026-04-27 16:10:12.540','2026-04-27 16:11:42.141','Ok','2026-04-25 23:46:02.197','2026-04-27 16:11:42.142'),(125,208,'COZINHA_DOM_JUAN','COMPLETED',1.000,1.000,'2026-04-25 23:47:05.719','2026-04-25 23:48:12.740','2026-04-25 23:58:05.685','2026-04-26 03:01:53.077','..','2026-04-25 23:47:05.720','2026-04-26 03:01:53.079'),(126,209,'COZINHA_DOM_JUAN','COMPLETED',1.000,1.000,'2026-04-25 23:47:05.724','2026-04-25 23:48:13.973','2026-04-25 23:57:57.993','2026-04-26 03:01:53.987','..','2026-04-25 23:47:05.724','2026-04-26 03:01:53.988'),(127,212,'BAR','COMPLETED',1.000,1.000,'2026-04-25 23:51:59.076','2026-04-27 16:09:10.025','2026-04-27 16:10:13.164','2026-04-27 16:11:42.744','limão','2026-04-25 23:51:59.077','2026-04-27 16:11:42.746'),(128,213,'BAR','COMPLETED',1.000,1.000,'2026-04-25 23:51:59.081','2026-04-27 16:09:10.654','2026-04-27 16:10:13.884','2026-04-27 16:11:43.406','sem açúcar!! ','2026-04-25 23:51:59.082','2026-04-27 16:11:43.408'),(129,214,'COZINHA_DOM_JUAN','COMPLETED',1.000,1.000,'2026-04-25 23:52:08.313','2026-04-25 23:52:33.952','2026-04-25 23:57:54.030','2026-04-26 03:01:56.810','.. ','2026-04-25 23:52:08.314','2026-04-26 03:01:56.812'),(130,218,'COZINHA_DOM_JUAN','COMPLETED',1.000,1.000,'2026-04-25 23:54:47.125','2026-04-25 23:55:18.386','2026-04-26 00:05:51.620','2026-04-26 03:01:57.823','.. ','2026-04-25 23:54:47.126','2026-04-26 03:01:57.825'),(131,219,'COZINHA_DOM_JUAN','COMPLETED',1.000,1.000,'2026-04-25 23:56:56.028','2026-04-25 23:57:27.888','2026-04-26 00:14:10.189','2026-04-26 03:01:58.503','Ao ponto','2026-04-25 23:56:56.029','2026-04-26 03:01:58.504'),(132,220,'COZINHA_DOM_JUAN','COMPLETED',1.000,1.000,'2026-04-25 23:56:56.032','2026-04-25 23:57:29.027','2026-04-26 00:07:02.500','2026-04-26 03:01:59.021','Ok','2026-04-25 23:56:56.033','2026-04-26 03:01:59.023'),(133,221,'COZINHA_DOM_JUAN','COMPLETED',1.000,1.000,'2026-04-25 23:56:56.037','2026-04-25 23:57:30.302','2026-04-26 00:07:05.770','2026-04-26 03:01:59.684','Ok','2026-04-25 23:56:56.038','2026-04-26 03:01:59.685'),(134,222,'COZINHA_DOM_JUAN','COMPLETED',1.000,1.000,'2026-04-26 00:01:37.645','2026-04-26 00:02:11.449','2026-04-26 00:09:53.685','2026-04-26 03:02:00.280','.. ','2026-04-26 00:01:37.646','2026-04-26 03:02:00.281'),(135,223,'COZINHA_DOM_JUAN','COMPLETED',1.000,1.000,'2026-04-26 00:01:39.170','2026-04-26 00:02:12.594','2026-04-26 00:25:19.225','2026-04-26 03:02:00.827','..','2026-04-26 00:01:39.171','2026-04-26 03:02:00.829'),(136,225,'COZINHA_DOM_JUAN','COMPLETED',1.000,1.000,'2026-04-26 00:03:21.732','2026-04-26 00:03:55.318','2026-04-26 00:30:04.734','2026-04-26 03:02:01.316','Ao ponto','2026-04-26 00:03:21.733','2026-04-26 03:02:01.318'),(137,188,'BAR','COMPLETED',2.000,2.000,'2026-04-26 00:03:54.446','2026-04-27 16:09:11.395','2026-04-27 16:10:14.545','2026-04-27 16:11:44.072','Ok','2026-04-26 00:03:54.447','2026-04-27 16:11:44.074'),(138,226,'COZINHA_DOM_JUAN','COMPLETED',1.000,1.000,'2026-04-26 00:03:54.478','2026-04-26 00:04:10.847','2026-04-26 00:33:03.511','2026-04-26 03:02:01.736','..','2026-04-26 00:03:54.479','2026-04-26 03:02:01.738'),(139,227,'COZINHA_DOM_JUAN','COMPLETED',1.000,1.000,'2026-04-26 00:05:28.914','2026-04-26 00:05:48.381','2026-04-26 00:23:55.186','2026-04-26 03:02:02.142','magra','2026-04-26 00:05:28.915','2026-04-26 03:02:02.144'),(140,198,'BAR','COMPLETED',1.000,1.000,'2026-04-26 00:07:26.867','2026-04-27 16:09:12.046','2026-04-27 16:10:15.283','2026-04-27 16:11:44.671','UMA DE MORANGO E UMA DE LIMAO','2026-04-26 00:07:26.868','2026-04-27 16:11:44.672'),(142,231,'COZINHA_DOM_JUAN','COMPLETED',1.000,1.000,'2026-04-26 00:14:33.975','2026-04-26 00:15:06.339','2026-04-26 00:20:52.830','2026-04-26 03:02:02.514','Ao ponto','2026-04-26 00:14:33.976','2026-04-26 03:02:02.516'),(143,233,'BAR','COMPLETED',1.000,1.000,'2026-04-26 00:15:40.280','2026-04-27 16:09:12.739','2026-04-27 16:10:15.961','2026-04-27 16:11:45.489','.. ','2026-04-26 00:15:40.281','2026-04-27 16:11:45.491'),(144,234,'COZINHA_DOM_JUAN','COMPLETED',1.000,1.000,'2026-04-26 00:16:55.387','2026-04-26 00:17:33.535','2026-04-26 00:55:06.058','2026-04-26 03:02:02.907','Ao ponto','2026-04-26 00:16:55.388','2026-04-26 03:02:02.909'),(145,236,'BAR','COMPLETED',2.000,2.000,'2026-04-26 00:18:14.888','2026-04-27 16:09:13.426','2026-04-27 16:10:16.719','2026-04-27 16:11:45.890','..','2026-04-26 00:18:14.889','2026-04-27 16:11:45.891'),(146,238,'COZINHA_DOM_JUAN','COMPLETED',1.000,1.000,'2026-04-26 00:18:55.528','2026-04-26 00:19:21.111','2026-04-26 00:32:43.308','2026-04-26 03:02:03.269','...','2026-04-26 00:18:55.530','2026-04-26 03:02:03.271'),(147,241,'COZINHA_DOM_JUAN','COMPLETED',1.000,1.000,'2026-04-26 00:22:30.107','2026-04-26 00:22:54.220','2026-04-26 01:02:45.090','2026-04-26 03:02:03.649','Ok','2026-04-26 00:22:30.108','2026-04-26 03:02:03.651'),(148,243,'COZINHA_DOM_JUAN','COMPLETED',2.000,2.000,'2026-04-26 00:23:57.710','2026-04-26 00:24:41.912','2026-04-26 00:39:53.031','2026-04-26 03:02:03.969','Bem passada','2026-04-26 00:23:57.711','2026-04-26 03:02:03.971'),(149,244,'COZINHA_DOM_JUAN','COMPLETED',2.000,2.000,'2026-04-26 00:24:18.431','2026-04-26 00:25:07.395','2026-04-26 00:46:09.326','2026-04-26 03:02:04.284','.. ','2026-04-26 00:24:18.432','2026-04-26 03:02:04.286'),(150,245,'BAR','COMPLETED',1.000,1.000,'2026-04-26 00:24:52.247','2026-04-27 16:09:14.077','2026-04-27 16:10:17.379','2026-04-27 16:11:46.509','.. ','2026-04-26 00:24:52.248','2026-04-27 16:11:46.511'),(151,246,'COZINHA_DOM_JUAN','COMPLETED',1.000,1.000,'2026-04-26 00:25:26.854','2026-04-26 00:26:25.811','2026-04-26 00:57:01.211','2026-04-26 03:02:04.636','..','2026-04-26 00:25:26.855','2026-04-26 03:02:04.637'),(153,248,'COZINHA_DOM_JUAN','COMPLETED',1.000,1.000,'2026-04-26 00:25:30.798','2026-04-26 00:26:28.616','2026-04-26 01:02:49.483','2026-04-26 03:02:04.933','Bem passada','2026-04-26 00:25:30.799','2026-04-26 03:02:04.934'),(154,249,'BAR','COMPLETED',1.000,1.000,'2026-04-26 00:25:30.803','2026-04-27 16:09:14.736','2026-04-27 16:10:18.129','2026-04-27 16:11:47.110','Ok','2026-04-26 00:25:30.804','2026-04-27 16:11:47.111'),(155,250,'BAR','COMPLETED',1.000,1.000,'2026-04-26 00:25:30.807','2026-04-27 16:09:15.387','2026-04-27 16:10:18.758','2026-04-27 16:11:47.717','Ok','2026-04-26 00:25:30.808','2026-04-27 16:11:47.718'),(156,251,'COZINHA_DOM_JUAN','COMPLETED',1.000,1.000,'2026-04-26 00:26:47.183','2026-04-26 00:27:55.082','2026-04-26 00:34:41.234','2026-04-26 03:02:05.217','..','2026-04-26 00:26:47.184','2026-04-26 03:02:05.219'),(157,252,'COZINHA_DOM_JUAN','COMPLETED',1.000,1.000,'2026-04-26 00:27:19.785','2026-04-26 00:27:56.495','2026-04-26 00:48:16.350','2026-04-26 03:02:05.446','Ok, Bem passada','2026-04-26 00:27:19.786','2026-04-26 03:02:05.448'),(158,254,'COZINHA_DOM_JUAN','COMPLETED',1.000,1.000,'2026-04-26 00:29:15.296','2026-04-26 00:29:48.400','2026-04-26 00:58:00.916','2026-04-26 03:02:05.652','ao ponto ','2026-04-26 00:29:15.296','2026-04-26 03:02:05.653'),(159,256,'COZINHA_DOM_JUAN','COMPLETED',1.000,1.000,'2026-04-26 00:30:27.742','2026-04-26 00:30:56.069','2026-04-26 00:52:51.614','2026-04-26 03:02:05.863','.. ','2026-04-26 00:30:27.743','2026-04-26 03:02:05.864'),(160,257,'COZINHA_DOM_JUAN','COMPLETED',1.000,1.000,'2026-04-26 00:30:38.566','2026-04-26 00:30:57.502','2026-04-26 01:14:10.231','2026-04-26 03:02:06.053','ponto menos ','2026-04-26 00:30:38.567','2026-04-26 03:02:06.055'),(161,258,'COZINHA_DOM_JUAN','COMPLETED',1.000,1.000,'2026-04-26 00:30:38.570','2026-04-26 00:30:58.868','2026-04-26 01:06:31.915','2026-04-26 03:02:06.442','..','2026-04-26 00:30:38.571','2026-04-26 03:02:06.444'),(162,259,'BAR','COMPLETED',1.000,1.000,'2026-04-26 00:32:35.927','2026-04-27 16:09:16.036','2026-04-27 16:10:19.378','2026-04-27 16:11:48.264','Ok','2026-04-26 00:32:35.928','2026-04-27 16:11:48.266'),(164,262,'COZINHA_DOM_JUAN','COMPLETED',1.000,1.000,'2026-04-26 00:32:57.760','2026-04-26 00:33:25.469','2026-04-26 00:43:36.665','2026-04-26 03:02:06.806','..','2026-04-26 00:32:57.761','2026-04-26 03:02:06.808'),(165,198,'BAR','COMPLETED',1.000,1.000,'2026-04-26 00:33:01.892','2026-04-27 16:09:16.688','2026-04-27 16:10:20.288','2026-04-27 16:11:48.918','UMA DE MORANGO E UMA DE LIMAO','2026-04-26 00:33:01.893','2026-04-27 16:11:48.919'),(166,198,'BAR','COMPLETED',1.000,1.000,'2026-04-26 00:35:30.397','2026-04-27 16:09:17.315','2026-04-27 16:10:21.029','2026-04-27 16:11:49.506','UMA DE MORANGO E UMA DE LIMAO','2026-04-26 00:35:30.398','2026-04-27 16:11:49.507'),(167,265,'BAR','COMPLETED',1.000,1.000,'2026-04-26 00:38:59.673','2026-04-27 16:09:17.921','2026-04-27 16:10:27.256','2026-04-27 16:11:50.114','sem açúcar bastante gelo ','2026-04-26 00:38:59.673','2026-04-27 16:11:50.115'),(168,268,'BAR','COMPLETED',2.000,2.000,'2026-04-26 00:39:47.334','2026-04-27 16:09:18.644','2026-04-27 16:10:28.067','2026-04-27 16:11:50.767','Ok','2026-04-26 00:39:47.335','2026-04-27 16:11:50.769'),(169,270,'COZINHA_DOM_JUAN','COMPLETED',1.000,1.000,'2026-04-26 00:45:50.408','2026-04-26 00:46:13.018','2026-04-26 01:14:12.365','2026-04-26 03:02:06.997','Ok','2026-04-26 00:45:50.409','2026-04-26 03:02:06.999'),(170,271,'COZINHA_DOM_JUAN','COMPLETED',1.000,1.000,'2026-04-26 00:46:11.009','2026-04-26 00:46:56.482','2026-04-26 01:05:30.040','2026-04-26 03:02:07.393','Ok','2026-04-26 00:46:11.010','2026-04-26 03:02:07.394'),(171,274,'COZINHA_DOM_JUAN','COMPLETED',1.000,1.000,'2026-04-26 00:47:53.378','2026-04-26 00:48:32.888','2026-04-26 01:14:01.544','2026-04-26 03:02:07.804','Ok','2026-04-26 00:47:53.379','2026-04-26 03:02:07.805'),(173,281,'COZINHA_DOM_JUAN','COMPLETED',1.000,1.000,'2026-04-26 00:56:51.699','2026-04-26 00:58:04.757','2026-04-26 01:18:21.065','2026-04-26 03:02:08.155','..','2026-04-26 00:56:51.700','2026-04-26 03:02:08.156'),(174,282,'COZINHA_DOM_JUAN','COMPLETED',1.000,1.000,'2026-04-26 00:56:51.703','2026-04-26 00:58:27.128','2026-04-26 01:22:33.467','2026-04-26 03:02:08.391','..','2026-04-26 00:56:51.704','2026-04-26 03:02:08.392'),(175,283,'BAR','COMPLETED',1.000,1.000,'2026-04-26 00:57:12.043','2026-04-27 16:09:19.189','2026-04-27 16:10:28.882','2026-04-27 16:11:51.338','..','2026-04-26 00:57:12.043','2026-04-27 16:11:51.339'),(176,286,'COZINHA_DOM_JUAN','COMPLETED',1.000,1.000,'2026-04-26 01:00:09.735','2026-04-26 01:00:23.481','2026-04-26 01:03:13.846','2026-04-26 03:02:08.650','Ok','2026-04-26 01:00:09.736','2026-04-26 03:02:08.652'),(177,198,'BAR','COMPLETED',1.000,1.000,'2026-04-26 01:05:38.739','2026-04-27 16:09:20.418','2026-04-27 16:10:29.651','2026-04-27 16:11:51.978','UMA DE MORANGO E UMA DE LIMAO','2026-04-26 01:05:38.740','2026-04-27 16:11:51.980'),(179,198,'BAR','COMPLETED',1.000,1.000,'2026-04-26 01:11:33.055','2026-04-27 16:09:21.288','2026-04-27 16:10:30.343','2026-04-27 16:11:52.541','UMA DE MORANGO E UMA DE LIMAO','2026-04-26 01:11:33.056','2026-04-27 16:11:52.543'),(180,291,'COZINHA_DOM_JUAN','COMPLETED',1.000,1.000,'2026-04-26 01:12:38.360','2026-04-26 01:13:00.258','2026-04-26 01:28:32.472','2026-04-26 03:02:08.839','..','2026-04-26 01:12:38.361','2026-04-26 03:02:08.841'),(181,292,'BAR','COMPLETED',1.000,1.000,'2026-04-26 01:14:24.387','2026-04-27 16:09:22.007','2026-04-27 16:10:31.121','2026-04-27 16:11:53.120','morango','2026-04-26 01:14:24.388','2026-04-27 16:11:53.122'),(182,293,'COZINHA_DOM_JUAN','COMPLETED',1.000,1.000,'2026-04-26 01:15:00.747','2026-04-26 01:17:32.832','2026-04-26 01:39:07.750','2026-04-26 03:02:09.033','ponto para mais ','2026-04-26 01:15:00.748','2026-04-26 03:02:09.035'),(183,295,'BAR','COMPLETED',1.000,1.000,'2026-04-26 01:18:37.718','2026-04-27 16:09:22.811','2026-04-27 16:10:31.740','2026-04-27 16:11:53.695','Ok','2026-04-26 01:18:37.719','2026-04-27 16:11:53.697'),(184,295,'BAR','COMPLETED',1.000,1.000,'2026-04-26 01:20:43.306','2026-04-27 16:09:23.406','2026-04-27 16:10:32.475','2026-04-27 16:11:54.538','Ok','2026-04-26 01:20:43.307','2026-04-27 16:11:54.540'),(185,297,'COZINHA_DOM_JUAN','COMPLETED',1.000,1.000,'2026-04-26 01:20:59.497','2026-04-26 01:21:45.581','2026-04-26 01:43:45.882','2026-04-26 03:02:09.394','Ok','2026-04-26 01:20:59.498','2026-04-26 03:02:09.395'),(186,198,'BAR','COMPLETED',1.000,1.000,'2026-04-26 01:24:35.134','2026-04-27 16:09:24.024','2026-04-27 16:10:33.203','2026-04-27 16:11:55.061','UMA DE MORANGO E UMA DE LIMAO','2026-04-26 01:24:35.135','2026-04-27 16:11:55.063'),(187,299,'BAR','COMPLETED',2.000,2.000,'2026-04-26 01:25:10.176','2026-04-27 16:09:24.653','2026-04-27 16:10:33.898','2026-04-27 16:11:55.679','Ok','2026-04-26 01:25:10.177','2026-04-27 16:11:55.680'),(190,251,'COZINHA_DOM_JUAN','COMPLETED',1.000,1.000,'2026-04-26 01:29:17.678','2026-04-26 01:37:55.113','2026-04-26 01:55:30.174','2026-04-26 03:02:09.775','..','2026-04-26 01:29:17.679','2026-04-26 03:02:09.776'),(191,236,'BAR','COMPLETED',1.000,1.000,'2026-04-26 01:30:07.580','2026-04-27 16:09:25.269','2026-04-27 16:10:34.559','2026-04-27 16:11:56.185','..','2026-04-26 01:30:07.581','2026-04-27 16:11:56.186'),(192,301,'COZINHA_DOM_JUAN','COMPLETED',1.000,1.000,'2026-04-26 01:30:26.696','2026-04-26 01:37:54.026','2026-04-26 01:55:56.034','2026-04-26 03:02:10.168','Ok','2026-04-26 01:30:26.697','2026-04-26 03:02:10.170'),(193,302,'COZINHA_DOM_JUAN','COMPLETED',2.000,2.000,'2026-04-26 01:30:29.047','2026-04-26 01:37:57.458','2026-04-26 02:02:21.754','2026-04-26 03:02:10.571','Bem passada','2026-04-26 01:30:29.048','2026-04-26 03:02:10.572'),(194,303,'BAR','COMPLETED',2.000,2.000,'2026-04-26 01:32:13.908','2026-04-27 16:09:25.943','2026-04-27 16:10:35.143','2026-04-27 16:11:56.814','morango ','2026-04-26 01:32:13.909','2026-04-27 16:11:56.816'),(195,307,'COZINHA_DOM_JUAN','COMPLETED',1.000,1.000,'2026-04-26 01:33:12.342','2026-04-26 01:34:26.405','2026-04-26 01:53:51.947','2026-04-26 03:02:10.954','Ao ponto','2026-04-26 01:33:12.343','2026-04-26 03:02:10.956'),(196,303,'BAR','COMPLETED',2.000,2.000,'2026-04-26 01:34:36.493','2026-04-27 16:09:26.687','2026-04-27 16:10:35.876','2026-04-27 16:11:57.382','morango ','2026-04-26 01:34:36.495','2026-04-27 16:11:57.383'),(197,198,'BAR','COMPLETED',1.000,1.000,'2026-04-26 01:36:00.027','2026-04-27 16:09:27.338','2026-04-27 16:10:46.008','2026-04-27 16:11:57.914','UMA DE MORANGO E UMA DE LIMAO','2026-04-26 01:36:00.028','2026-04-27 16:11:57.916'),(198,299,'BAR','COMPLETED',1.000,1.000,'2026-04-26 01:36:32.075','2026-04-27 16:09:28.557','2026-04-27 16:10:50.051','2026-04-27 16:11:58.528','Ok','2026-04-26 01:36:32.077','2026-04-27 16:11:58.529'),(199,310,'COZINHA_DOM_JUAN','COMPLETED',1.000,1.000,'2026-04-26 01:37:01.269','2026-04-26 01:37:58.435','2026-04-26 01:56:01.275','2026-04-26 03:02:11.362','Ok','2026-04-26 01:37:01.270','2026-04-26 03:02:11.363'),(200,311,'COZINHA_DOM_JUAN','COMPLETED',1.000,1.000,'2026-04-26 01:38:05.936','2026-04-26 01:39:10.359','2026-04-26 02:15:20.337','2026-04-26 03:02:11.755','Bem passada','2026-04-26 01:38:05.937','2026-04-26 03:02:11.756'),(202,314,'COZINHA_DOM_JUAN','COMPLETED',1.000,1.000,'2026-04-26 01:44:55.123','2026-04-26 01:45:54.240','2026-04-26 02:15:22.115','2026-04-26 03:02:12.153','Ok','2026-04-26 01:44:55.124','2026-04-26 03:02:12.154'),(203,315,'BAR','COMPLETED',1.000,1.000,'2026-04-26 01:50:26.794','2026-04-27 16:09:29.306','2026-04-27 16:10:47.515','2026-04-27 16:11:58.951','Ok','2026-04-26 01:50:26.796','2026-04-27 16:11:58.953'),(204,321,'COZINHA_DOM_JUAN','COMPLETED',1.000,1.000,'2026-04-26 01:55:19.896','2026-04-26 01:55:53.535','2026-04-26 01:56:07.578','2026-04-26 03:02:12.361','Ok','2026-04-26 01:55:19.897','2026-04-26 03:02:12.362'),(205,322,'COZINHA_DOM_JUAN','COMPLETED',1.000,1.000,'2026-04-26 01:55:44.852','2026-04-26 01:56:18.030','2026-04-26 02:16:57.293','2026-04-26 03:02:12.737','ao ponto ','2026-04-26 01:55:44.853','2026-04-26 03:02:12.739'),(206,324,'COZINHA_DOM_JUAN','COMPLETED',1.000,1.000,'2026-04-26 02:03:17.072','2026-04-26 02:04:01.463','2026-04-26 02:15:32.648','2026-04-26 03:02:13.095','Ok','2026-04-26 02:03:17.073','2026-04-26 03:02:13.097'),(207,307,'COZINHA_DOM_JUAN','COMPLETED',1.000,1.000,'2026-04-26 02:07:41.116','2026-04-26 02:08:14.935','2026-04-26 02:57:39.561','2026-04-26 03:02:13.299','Ao ponto','2026-04-26 02:07:41.117','2026-04-26 03:02:13.301'),(208,303,'BAR','COMPLETED',4.000,4.000,'2026-04-26 02:07:57.204','2026-04-27 16:09:30.521','2026-04-27 16:10:48.449','2026-04-27 16:11:59.469','morango ','2026-04-26 02:07:57.205','2026-04-27 16:11:59.471'),(209,327,'COZINHA_DOM_JUAN','COMPLETED',1.000,1.000,'2026-04-26 02:09:18.777','2026-04-26 02:10:03.081','2026-04-26 02:57:40.813','2026-04-26 03:02:13.660','..','2026-04-26 02:09:18.778','2026-04-26 03:02:13.661'),(210,328,'COZINHA_DOM_JUAN','COMPLETED',2.000,2.000,'2026-04-26 02:11:32.611','2026-04-26 02:12:05.801','2026-04-26 02:15:41.088','2026-04-26 03:02:14.030','urgente ','2026-04-26 02:11:32.612','2026-04-26 03:02:14.031'),(211,329,'COZINHA_DOM_JUAN','COMPLETED',2.000,2.000,'2026-04-26 02:11:32.615','2026-04-26 02:12:57.214','2026-04-26 02:15:50.463','2026-04-26 03:02:14.214','urgente ','2026-04-26 02:11:32.616','2026-04-26 03:02:14.215'),(212,330,'BAR','COMPLETED',1.000,1.000,'2026-04-26 02:13:14.720','2026-04-27 16:09:31.172','2026-04-27 16:10:52.027','2026-04-27 16:11:59.917','... ','2026-04-26 02:13:14.721','2026-04-27 16:11:59.919'),(213,331,'BAR','COMPLETED',1.000,1.000,'2026-04-26 02:28:17.055','2026-04-27 16:09:31.819','2026-04-27 16:10:54.390','2026-04-27 16:12:00.479','limão','2026-04-26 02:28:17.056','2026-04-27 16:12:00.480'),(214,332,'BAR','COMPLETED',1.000,1.000,'2026-04-26 02:28:17.061','2026-04-27 16:09:32.409','2026-04-27 16:10:56.738','2026-04-27 16:12:00.937','Ok','2026-04-26 02:28:17.062','2026-04-27 16:12:00.938'),(215,334,'BAR','COMPLETED',4.000,4.000,'2026-04-26 02:37:10.396','2026-04-27 16:09:33.270','2026-04-27 16:10:59.070','2026-04-27 16:12:01.450','Ok','2026-04-26 02:37:10.397','2026-04-27 16:12:01.451'),(217,336,'COZINHA_DOM_JUAN','COMPLETED',1.000,1.000,'2026-04-26 02:53:25.462','2026-04-26 02:55:09.876','2026-04-26 02:57:44.820','2026-04-26 03:02:14.622','..','2026-04-26 02:53:25.462','2026-04-26 03:02:14.623'),(218,337,'COZINHA_DOM_JUAN','COMPLETED',1.000,1.000,'2026-04-26 02:53:25.466','2026-04-26 02:55:10.796','2026-04-26 02:57:45.767','2026-04-26 03:02:14.831','..','2026-04-26 02:53:25.467','2026-04-26 03:02:14.832'),(220,338,'COZINHA_DOM_JUAN','COMPLETED',1.000,1.000,'2026-04-26 03:01:44.846','2026-04-26 22:37:20.298','2026-04-26 22:37:22.219','2026-04-26 22:37:26.018','ok','2026-04-26 03:01:44.847','2026-04-26 22:37:26.020'),(221,339,'BAR','COMPLETED',1.000,1.000,'2026-04-26 03:06:09.942','2026-04-27 16:09:34.072','2026-04-27 16:11:01.394','2026-04-27 16:12:01.981','limão','2026-04-26 03:06:09.943','2026-04-27 16:12:01.983'),(222,341,'BAR','COMPLETED',4.000,4.000,'2026-04-26 03:37:27.961','2026-04-27 16:09:34.737','2026-04-27 16:11:03.103','2026-04-27 16:12:02.451','..','2026-04-26 03:37:27.961','2026-04-27 16:12:02.453'),(223,342,'COZINHA_DOM_JUAN','COMPLETED',1.000,1.000,'2026-04-26 04:30:31.967','2026-04-26 22:37:21.029','2026-04-26 22:37:23.338','2026-04-26 22:37:27.674','..','2026-04-26 04:30:31.968','2026-04-26 22:37:27.675'),(224,346,'BAR','COMPLETED',1.000,1.000,'2026-04-26 22:29:34.200','2026-04-27 16:09:35.416','2026-04-27 16:11:04.423','2026-04-27 16:12:02.964','Ok','2026-04-26 22:29:34.201','2026-04-27 16:12:02.965'),(225,348,'COZINHA_DOM_JUAN','COMPLETED',1.000,1.000,'2026-04-26 22:40:29.042','2026-04-26 22:54:24.032','2026-04-26 23:25:44.521','2026-04-26 23:25:46.741','Ok','2026-04-26 22:40:29.043','2026-04-26 23:25:46.743'),(226,351,'COZINHA_DOM_JUAN','COMPLETED',1.000,1.000,'2026-04-26 22:51:32.927','2026-04-26 22:55:03.686','2026-04-26 23:26:39.196','2026-04-26 23:28:16.895','..','2026-04-26 22:51:32.928','2026-04-26 23:28:16.896'),(228,355,'COZINHA_DOM_JUAN','COMPLETED',1.000,1.000,'2026-04-26 22:54:21.875','2026-04-26 22:55:08.239','2026-04-26 23:12:03.243','2026-04-26 23:14:25.845','Ao ponto','2026-04-26 22:54:21.875','2026-04-26 23:14:25.846'),(229,356,'COZINHA_DOM_JUAN','COMPLETED',1.000,1.000,'2026-04-26 22:54:21.879','2026-04-26 22:55:09.936','2026-04-26 23:03:44.729','2026-04-26 23:03:47.335','Bem passada','2026-04-26 22:54:21.880','2026-04-26 23:03:47.336'),(230,357,'COZINHA_DOM_JUAN','COMPLETED',1.000,1.000,'2026-04-26 23:12:59.579','2026-04-26 23:13:32.024','2026-04-26 23:37:13.960','2026-04-26 23:37:25.282','Ok','2026-04-26 23:12:59.580','2026-04-26 23:37:25.283'),(231,358,'COZINHA_DOM_JUAN','COMPLETED',1.000,1.000,'2026-04-26 23:12:59.584','2026-04-26 23:13:33.092','2026-04-26 23:37:15.932','2026-04-26 23:37:25.905','Ok','2026-04-26 23:12:59.585','2026-04-26 23:37:25.906'),(232,359,'COZINHA_DOM_JUAN','COMPLETED',1.000,1.000,'2026-04-26 23:12:59.588','2026-04-26 23:13:34.139','2026-04-26 23:39:28.794','2026-04-26 23:39:56.320','Ao ponto, Ao ponto','2026-04-26 23:12:59.589','2026-04-26 23:39:56.322'),(233,360,'COZINHA_DOM_JUAN','COMPLETED',1.000,1.000,'2026-04-26 23:12:59.593','2026-04-26 23:13:35.113','2026-04-26 23:39:30.953','2026-04-26 23:39:56.978','Ok','2026-04-26 23:12:59.594','2026-04-26 23:39:56.979'),(234,363,'COZINHA_DOM_JUAN','COMPLETED',1.000,1.000,'2026-04-26 23:12:59.608','2026-04-26 23:13:36.987','2026-04-26 23:37:20.058','2026-04-26 23:37:26.561','Ok','2026-04-26 23:12:59.609','2026-04-26 23:37:26.563'),(235,364,'BAR','COMPLETED',1.000,1.000,'2026-04-26 23:15:03.904','2026-04-27 16:09:36.094','2026-04-27 16:11:05.458','2026-04-27 16:12:03.403','Ok','2026-04-26 23:15:03.904','2026-04-27 16:12:03.405'),(236,365,'COZINHA_DOM_JUAN','COMPLETED',1.000,1.000,'2026-04-26 23:16:16.415','2026-04-26 23:16:45.606','2026-04-26 23:40:35.350','2026-04-26 23:40:47.183','..','2026-04-26 23:16:16.416','2026-04-26 23:40:47.185'),(237,368,'COZINHA_DOM_JUAN','COMPLETED',1.000,1.000,'2026-04-26 23:21:40.920','2026-04-26 23:22:12.190','2026-04-26 23:53:00.047','2026-04-26 23:53:01.898','Ao ponto','2026-04-26 23:21:40.921','2026-04-26 23:53:01.899'),(238,370,'COZINHA_DOM_JUAN','COMPLETED',1.000,1.000,'2026-04-26 23:22:26.138','2026-04-26 23:22:57.483','2026-04-26 23:40:36.836','2026-04-26 23:40:48.078','Ok','2026-04-26 23:22:26.139','2026-04-26 23:40:48.080'),(239,371,'COZINHA_DOM_JUAN','COMPLETED',1.000,1.000,'2026-04-26 23:24:14.123','2026-04-26 23:24:27.023','2026-04-26 23:30:24.661','2026-04-26 23:30:27.029','Ok','2026-04-26 23:24:14.124','2026-04-26 23:30:27.031'),(240,372,'COZINHA_DOM_JUAN','COMPLETED',1.000,1.000,'2026-04-26 23:24:33.904','2026-04-26 23:25:48.523','2026-04-26 23:39:48.425','2026-04-26 23:39:57.835','Ao ponto','2026-04-26 23:24:33.905','2026-04-26 23:39:57.837'),(241,373,'COZINHA_DOM_JUAN','COMPLETED',2.000,2.000,'2026-04-26 23:24:47.952','2026-04-26 23:25:49.865','2026-04-26 23:55:09.625','2026-04-26 23:56:34.565','Ao ponto','2026-04-26 23:24:47.953','2026-04-26 23:56:34.567'),(242,374,'COZINHA_DOM_JUAN','COMPLETED',1.000,1.000,'2026-04-26 23:29:30.438','2026-04-26 23:30:09.334','2026-04-26 23:56:51.751','2026-04-26 23:56:53.322','Ok','2026-04-26 23:29:30.439','2026-04-26 23:56:53.323'),(243,375,'COZINHA_DOM_JUAN','COMPLETED',1.000,1.000,'2026-04-26 23:29:55.145','2026-04-26 23:30:17.297','2026-04-27 00:10:00.921','2026-04-27 00:11:01.433','Ok','2026-04-26 23:29:55.146','2026-04-27 00:11:01.434'),(244,379,'BAR','COMPLETED',1.000,1.000,'2026-04-26 23:36:25.756','2026-04-27 16:09:36.856','2026-04-27 16:11:06.315','2026-04-27 16:12:03.952','MORANGO','2026-04-26 23:36:25.757','2026-04-27 16:12:03.953'),(245,380,'COZINHA_DOM_JUAN','COMPLETED',1.000,1.000,'2026-04-26 23:40:29.024','2026-04-26 23:40:43.649','2026-04-26 23:45:11.353','2026-04-26 23:45:12.677','Ok','2026-04-26 23:40:29.025','2026-04-26 23:45:12.678'),(246,382,'BAR','COMPLETED',2.000,2.000,'2026-04-26 23:42:08.613','2026-04-27 16:09:37.463','2026-04-27 16:11:07.185','2026-04-27 16:12:04.550','morango ','2026-04-26 23:42:08.613','2026-04-27 16:12:04.551'),(247,383,'BAR','COMPLETED',2.000,2.000,'2026-04-26 23:42:08.617','2026-04-27 16:09:38.261','2026-04-27 16:11:07.923','2026-04-27 16:12:05.213','Ok','2026-04-26 23:42:08.618','2026-04-27 16:12:05.214'),(248,384,'COZINHA_DOM_JUAN','COMPLETED',1.000,1.000,'2026-04-26 23:43:44.926','2026-04-26 23:44:02.809','2026-04-26 23:56:30.655','2026-04-26 23:56:33.491','Ok','2026-04-26 23:43:44.927','2026-04-26 23:56:33.493'),(249,389,'BAR','COMPLETED',1.000,1.000,'2026-04-26 23:47:12.982','2026-04-27 16:09:38.958','2026-04-27 16:11:08.771','2026-04-27 16:12:05.745','Ok','2026-04-26 23:47:12.982','2026-04-27 16:12:05.747'),(250,390,'BAR','COMPLETED',1.000,1.000,'2026-04-26 23:47:12.986','2026-04-27 16:09:39.590','2026-04-27 16:11:09.571','2026-04-27 16:12:06.278','Ok','2026-04-26 23:47:12.987','2026-04-27 16:12:06.280'),(251,392,'BAR','COMPLETED',1.000,1.000,'2026-04-26 23:54:08.471','2026-04-27 16:09:40.338','2026-04-27 16:11:10.394','2026-04-27 16:12:06.782','Ok','2026-04-26 23:54:08.472','2026-04-27 16:12:06.784'),(252,393,'BAR','COMPLETED',1.000,1.000,'2026-04-26 23:54:08.476','2026-04-27 16:09:41.007','2026-04-27 16:11:11.206','2026-04-27 16:12:07.564','sem açúcar ','2026-04-26 23:54:08.477','2026-04-27 16:12:07.565'),(253,394,'COZINHA_DOM_JUAN','COMPLETED',1.000,1.000,'2026-04-26 23:54:08.490','2026-04-26 23:55:04.517','2026-04-27 00:10:58.333','2026-04-27 00:11:02.167','Ok','2026-04-26 23:54:08.491','2026-04-27 00:11:02.168'),(254,395,'COZINHA_DOM_JUAN','COMPLETED',1.000,1.000,'2026-04-26 23:54:08.504','2026-04-26 23:55:05.274','2026-04-27 00:10:59.861','2026-04-27 00:11:02.925','ok','2026-04-26 23:54:08.505','2026-04-27 00:11:02.926'),(255,396,'COZINHA_DOM_JUAN','COMPLETED',1.000,1.000,'2026-04-26 23:56:06.792','2026-04-26 23:56:26.772','2026-04-27 00:04:00.597','2026-04-27 00:04:02.720','Ok','2026-04-26 23:56:06.793','2026-04-27 00:04:02.721'),(256,397,'COZINHA_DOM_JUAN','COMPLETED',1.000,1.000,'2026-04-27 00:06:36.519','2026-04-27 00:06:56.711','2026-04-27 00:16:59.615','2026-04-27 00:21:07.691','Ok','2026-04-27 00:06:36.520','2026-04-27 00:21:07.692'),(257,398,'BAR','COMPLETED',1.000,1.000,'2026-04-27 00:06:49.213','2026-04-27 16:09:41.926','2026-04-27 16:11:12.057','2026-04-27 16:12:08.276','..','2026-04-27 00:06:49.214','2026-04-27 16:12:08.278'),(258,399,'COZINHA_DOM_JUAN','COMPLETED',1.000,1.000,'2026-04-27 00:07:19.585','2026-04-27 00:07:46.125','2026-04-27 00:17:00.859','2026-04-27 00:21:08.453','..','2026-04-27 00:07:19.585','2026-04-27 00:21:08.455'),(259,400,'COZINHA_DOM_JUAN','COMPLETED',1.000,1.000,'2026-04-27 00:15:04.331','2026-04-27 00:16:57.072','2026-04-27 00:21:03.049','2026-04-27 00:21:09.138','Ao ponto','2026-04-27 00:15:04.332','2026-04-27 00:21:09.140'),(260,401,'COZINHA_DOM_JUAN','COMPLETED',1.000,1.000,'2026-04-27 00:19:01.813','2026-04-27 00:21:04.930','2026-04-27 00:28:29.735','2026-04-27 00:28:31.445','Ok','2026-04-27 00:19:01.814','2026-04-27 00:28:31.446'),(261,402,'COZINHA_DOM_JUAN','COMPLETED',1.000,1.000,'2026-04-27 00:24:58.134','2026-04-27 00:27:26.767','2026-04-27 00:39:25.192','2026-04-27 00:39:27.054','Ao ponto','2026-04-27 00:24:58.135','2026-04-27 00:39:27.056'),(262,403,'COZINHA_DOM_JUAN','COMPLETED',1.000,1.000,'2026-04-27 00:25:30.269','2026-04-27 00:27:28.117','2026-04-27 00:30:05.285','2026-04-27 00:30:07.048','Ok','2026-04-27 00:25:30.270','2026-04-27 00:30:07.050'),(264,408,'COZINHA_DOM_JUAN','COMPLETED',1.000,1.000,'2026-04-27 00:30:17.297','2026-04-27 00:30:46.478','2026-04-27 00:54:07.436','2026-04-27 00:54:08.819','ponto mais','2026-04-27 00:30:17.298','2026-04-27 00:54:08.821'),(265,410,'COZINHA_DOM_JUAN','COMPLETED',1.000,1.000,'2026-04-27 00:31:01.323','2026-04-27 00:31:36.496','2026-04-27 00:31:41.952','2026-04-27 00:31:47.484','..','2026-04-27 00:31:01.324','2026-04-27 00:31:47.486'),(266,411,'COZINHA_DOM_JUAN','COMPLETED',1.000,1.000,'2026-04-27 00:32:58.034','2026-04-27 00:33:54.049','2026-04-27 00:43:03.319','2026-04-27 00:43:09.812','Ok','2026-04-27 00:32:58.035','2026-04-27 00:43:09.813'),(267,417,'COZINHA_DOM_JUAN','COMPLETED',1.000,1.000,'2026-04-27 01:06:47.793','2026-04-27 01:07:52.229','2026-04-27 01:23:54.515','2026-04-27 01:23:55.905','Ok','2026-04-27 01:06:47.794','2026-04-27 01:23:55.906'),(268,419,'COZINHA_DOM_JUAN','COMPLETED',1.000,1.000,'2026-04-27 01:34:00.246','2026-04-27 01:34:48.860','2026-04-27 01:37:02.797','2026-04-27 01:37:06.212','Ok','2026-04-27 01:34:00.247','2026-04-27 01:37:06.214'),(269,420,'BAR','COMPLETED',1.000,1.000,'2026-04-27 01:41:05.575','2026-04-27 16:09:42.936','2026-04-27 16:11:12.864','2026-04-27 16:12:09.004','Ok','2026-04-27 01:41:05.575','2026-04-27 16:12:09.005'),(270,421,'COZINHA_DOM_JUAN','COMPLETED',1.000,1.000,'2026-04-27 01:48:00.699','2026-04-27 03:12:50.550','2026-04-27 03:12:51.558','2026-04-27 16:12:16.128','Ok','2026-04-27 01:48:00.700','2026-04-27 16:12:16.130'),(271,428,'COZINHA_DOM_JUAN','COMPLETED',1.000,1.000,'2026-04-28 22:36:16.159','2026-04-28 22:45:09.379','2026-04-28 23:17:25.632','2026-04-28 23:17:27.368','..','2026-04-28 22:36:16.160','2026-04-28 23:17:27.369'),(272,430,'COZINHA_DOM_JUAN','COMPLETED',1.000,1.000,'2026-04-28 22:38:31.779','2026-04-28 22:45:10.152','2026-04-28 23:23:28.994','2026-04-28 23:23:37.018','ponto menos ','2026-04-28 22:38:31.780','2026-04-28 23:23:37.020'),(273,431,'COZINHA_DOM_JUAN','COMPLETED',2.000,2.000,'2026-04-28 22:39:08.444','2026-04-28 22:45:10.883','2026-04-28 23:06:27.409','2026-04-28 23:06:33.249','Ok','2026-04-28 22:39:08.445','2026-04-28 23:06:33.250'),(274,432,'COZINHA_DOM_JUAN','COMPLETED',1.000,1.000,'2026-04-28 22:39:08.450','2026-04-28 22:45:11.684','2026-04-28 23:08:49.199','2026-04-28 23:09:07.034','Ok','2026-04-28 22:39:08.451','2026-04-28 23:09:07.036'),(275,435,'COZINHA_DOM_JUAN','COMPLETED',1.000,1.000,'2026-04-28 22:46:53.992','2026-04-28 22:47:36.661','2026-04-28 23:04:44.662','2026-04-28 23:04:46.225','Ok','2026-04-28 22:46:53.993','2026-04-28 23:04:46.227'),(276,438,'COZINHA_DOM_JUAN','COMPLETED',1.000,1.000,'2026-04-28 23:01:48.757','2026-04-28 23:02:24.760','2026-04-28 23:41:47.007','2026-04-28 23:41:50.692','..','2026-04-28 23:01:48.758','2026-04-28 23:41:50.694'),(277,441,'COZINHA_DOM_JUAN','COMPLETED',1.000,1.000,'2026-04-28 23:03:01.443','2026-04-28 23:03:18.145','2026-04-28 23:41:47.836','2026-04-28 23:41:51.468','..','2026-04-28 23:03:01.444','2026-04-28 23:41:51.470'),(278,443,'COZINHA_DOM_JUAN','COMPLETED',1.000,1.000,'2026-04-28 23:08:05.959','2026-04-28 23:08:44.270','2026-04-28 23:41:48.458','2026-04-28 23:41:52.134','Ok','2026-04-28 23:08:05.960','2026-04-28 23:41:52.135'),(279,445,'COZINHA_DOM_JUAN','COMPLETED',1.000,1.000,'2026-04-28 23:24:44.333','2026-04-28 23:25:24.815','2026-04-28 23:41:49.253','2026-04-28 23:49:14.449','Ao ponto','2026-04-28 23:24:44.334','2026-04-28 23:49:14.450'),(280,447,'BAR','PENDING',1.000,0.000,'2026-04-28 23:25:03.032',NULL,NULL,NULL,'Ok','2026-04-28 23:25:03.034','2026-04-28 23:25:03.034'),(281,451,'BAR','PENDING',1.000,0.000,'2026-04-28 23:34:35.373',NULL,NULL,NULL,'Ok','2026-04-28 23:34:35.374','2026-04-28 23:34:35.374'),(282,456,'COZINHA_DOM_JUAN','COMPLETED',1.000,1.000,'2026-04-28 23:45:33.453','2026-04-28 23:48:43.769','2026-04-29 00:03:22.409','2026-04-29 00:04:21.610','Ao ponto','2026-04-28 23:45:33.453','2026-04-29 00:04:21.611'),(283,457,'COZINHA_DOM_JUAN','COMPLETED',1.000,1.000,'2026-04-28 23:47:07.753','2026-04-28 23:48:44.477','2026-04-29 00:03:26.316','2026-04-29 00:04:22.282','Ok','2026-04-28 23:47:07.754','2026-04-29 00:04:22.283'),(284,458,'COZINHA_DOM_JUAN','COMPLETED',1.000,1.000,'2026-04-29 00:07:58.172','2026-04-29 00:11:50.196','2026-04-29 00:23:00.205','2026-04-29 00:23:02.393','Ao ponto mais um pouco de al','2026-04-29 00:07:58.173','2026-04-29 00:23:02.395'),(285,465,'BAR','PENDING',2.000,0.000,'2026-04-29 00:36:14.188',NULL,NULL,NULL,'ok','2026-04-29 00:36:14.190','2026-04-29 00:36:14.190'),(286,467,'COZINHA_DOM_JUAN','COMPLETED',1.000,1.000,'2026-04-29 00:46:54.465','2026-04-29 00:49:07.950','2026-04-29 00:49:09.161','2026-04-29 00:49:10.341','ok','2026-04-29 00:46:54.466','2026-04-29 00:49:10.343'),(287,469,'BAR','PENDING',3.000,0.000,'2026-04-29 00:57:18.268',NULL,NULL,NULL,'ok','2026-04-29 00:57:18.269','2026-04-29 00:57:18.269'),(288,475,'COZINHA_DOM_JUAN','COMPLETED',1.000,1.000,'2026-04-29 00:59:50.743','2026-04-29 01:00:57.077','2026-04-29 01:17:55.549','2026-04-29 01:18:01.492','..mais batata ','2026-04-29 00:59:50.744','2026-04-29 01:18:01.494'),(289,477,'COZINHA_DOM_JUAN','COMPLETED',1.000,1.000,'2026-04-29 01:18:44.112','2026-04-29 01:19:05.343','2026-04-29 01:28:06.327','2026-04-29 01:31:09.233','Ok','2026-04-29 01:18:44.113','2026-04-29 01:31:09.234'),(290,480,'COZINHA_DOM_JUAN','COMPLETED',1.000,1.000,'2026-04-29 01:36:18.734','2026-04-29 01:38:46.042','2026-04-29 01:46:25.904','2026-04-29 01:46:53.696','Ok','2026-04-29 01:36:18.735','2026-04-29 01:46:53.697'),(291,483,'COZINHA_DOM_JUAN','COMPLETED',1.000,1.000,'2026-04-29 01:36:18.750','2026-04-29 01:38:47.312','2026-04-29 01:46:27.716','2026-04-29 01:46:54.479','Ok','2026-04-29 01:36:18.751','2026-04-29 01:46:54.481'),(292,484,'COZINHA_DOM_JUAN','COMPLETED',1.000,1.000,'2026-04-29 01:36:18.754','2026-04-29 01:38:48.729','2026-04-29 01:46:29.033','2026-04-29 01:46:55.246','Ok','2026-04-29 01:36:18.755','2026-04-29 01:46:55.247'),(293,486,'COZINHA_DOM_JUAN','COMPLETED',1.000,1.000,'2026-04-29 01:39:20.980','2026-04-29 01:40:18.207','2026-04-29 01:51:11.008','2026-04-29 01:51:12.900','Ok','2026-04-29 01:39:20.981','2026-04-29 01:51:12.901');
/*!40000 ALTER TABLE `order_productions` ENABLE KEYS */;
UNLOCK TABLES;

--
-- Table structure for table `orders`
--

DROP TABLE IF EXISTS `orders`;
/*!40101 SET @saved_cs_client     = @@character_set_client */;
/*!50503 SET character_set_client = utf8mb4 */;
CREATE TABLE `orders` (
  `id` int NOT NULL AUTO_INCREMENT,
  `type` enum('DINE_IN','DELIVERY') CHARACTER SET utf8mb4 COLLATE utf8mb4_unicode_ci NOT NULL,
  `location_id` varchar(191) CHARACTER SET utf8mb4 COLLATE utf8mb4_unicode_ci NOT NULL,
  `customerName` varchar(191) CHARACTER SET utf8mb4 COLLATE utf8mb4_unicode_ci DEFAULT NULL,
  `table` varchar(191) CHARACTER SET utf8mb4 COLLATE utf8mb4_unicode_ci DEFAULT NULL,
  `address` varchar(191) CHARACTER SET utf8mb4 COLLATE utf8mb4_unicode_ci DEFAULT NULL,
  `status` enum('OPEN','CLOSED','CANCELED','PAID') CHARACTER SET utf8mb4 COLLATE utf8mb4_unicode_ci NOT NULL DEFAULT 'OPEN',
  `total` decimal(10,2) NOT NULL,
  `created_at` datetime(3) NOT NULL DEFAULT CURRENT_TIMESTAMP(3),
  `updated_at` datetime(3) NOT NULL,
  `finished_at` datetime(3) DEFAULT NULL,
  `table_occupied_until` datetime(3) DEFAULT NULL,
  `operator_id` int DEFAULT NULL,
  `closed_by_operator_id` int DEFAULT NULL,
  `service_charge` decimal(10,2) NOT NULL DEFAULT '0.00',
  PRIMARY KEY (`id`),
  KEY `orders_status_idx` (`status`),
  KEY `orders_location_id_idx` (`location_id`),
  KEY `orders_type_idx` (`type`),
  KEY `orders_operator_id_idx` (`operator_id`),
  KEY `orders_closed_by_operator_id_idx` (`closed_by_operator_id`),
  KEY `orders_created_at_idx` (`created_at`),
  CONSTRAINT `orders_closed_by_operator_id_fkey` FOREIGN KEY (`closed_by_operator_id`) REFERENCES `users` (`id`) ON DELETE SET NULL ON UPDATE CASCADE,
  CONSTRAINT `orders_operator_id_fkey` FOREIGN KEY (`operator_id`) REFERENCES `users` (`id`) ON DELETE SET NULL ON UPDATE CASCADE
) ENGINE=InnoDB AUTO_INCREMENT=113 DEFAULT CHARSET=utf8mb4 COLLATE=utf8mb4_unicode_ci;
/*!40101 SET character_set_client = @saved_cs_client */;

--
-- Dumping data for table `orders`
--

LOCK TABLES `orders` WRITE;
/*!40000 ALTER TABLE `orders` DISABLE KEYS */;
INSERT INTO `orders` VALUES (1,'DINE_IN','COZINHA_DOM_JUAN','mario','Mesa 1',NULL,'PAID',28.00,'2026-04-24 22:24:28.099','2026-04-24 22:28:25.959','2026-04-24 22:27:58.007','2026-04-24 22:27:06.903',2,2,0.00),(2,'DINE_IN','COZINHA_DOM_JUAN','teste','Mesa 23',NULL,'CLOSED',7.00,'2026-04-24 22:29:53.485','2026-04-24 22:35:23.079','2026-04-24 22:35:23.077','2026-04-24 22:35:23.077',5,3,0.70),(3,'DINE_IN','COZINHA_DOM_JUAN','Lorenzo','Mesa 11',NULL,'CLOSED',213.00,'2026-04-24 22:30:49.332','2026-04-25 04:00:54.862','2026-04-25 04:00:54.859','2026-04-25 04:00:54.859',3,7,0.00),(4,'DINE_IN','COZINHA_DOM_JUAN','Isadora','Mesa 22',NULL,'PAID',106.00,'2026-04-24 22:31:15.638','2026-04-25 04:04:15.521','2026-04-25 04:03:54.810','2026-04-25 01:34:08.512',2,3,10.60),(5,'DINE_IN','COZINHA_DOM_JUAN','Tiago ','Mesa 15',NULL,'CLOSED',311.00,'2026-04-24 22:40:26.818','2026-04-25 01:58:27.188','2026-04-25 01:58:27.185','2026-04-25 01:58:27.185',5,5,31.10),(6,'DINE_IN','COZINHA_DOM_JUAN','Otigio','Mesa 17',NULL,'CLOSED',288.00,'2026-04-24 22:52:24.072','2026-04-25 04:03:44.882','2026-04-25 04:03:44.880','2026-04-25 04:03:44.880',2,7,28.80),(7,'DINE_IN','COZINHA_DOM_JUAN','.','Mesa 16',NULL,'CLOSED',278.00,'2026-04-24 22:52:52.665','2026-04-25 02:34:42.816','2026-04-25 02:34:42.813','2026-04-25 02:34:42.813',5,5,27.80),(8,'DINE_IN','COZINHA_DOM_JUAN','marcos','Mesa 13',NULL,'PAID',110.00,'2026-04-24 23:06:33.944','2026-04-25 03:35:10.637','2026-04-25 03:34:24.118','2026-04-25 01:33:12.574',5,3,11.00),(9,'DINE_IN','COZINHA_DOM_JUAN','João ','Mesa 21',NULL,'PAID',112.00,'2026-04-24 23:09:07.610','2026-04-25 01:42:53.486','2026-04-25 01:41:43.942','2026-04-25 01:40:29.086',2,2,11.20),(10,'DINE_IN','COZINHA_DOM_JUAN','Jorge E Laura','Mesa 7',NULL,'PAID',137.00,'2026-04-24 23:10:07.323','2026-04-25 03:24:46.219','2026-04-25 03:24:40.131','2026-04-25 00:49:52.062',3,7,13.70),(11,'DINE_IN','COZINHA_DOM_JUAN','delci ','Mesa 16',NULL,'CLOSED',905.00,'2026-04-24 23:12:06.050','2026-04-25 03:54:52.899','2026-04-25 03:54:52.897','2026-04-25 02:34:00.536',5,5,90.50),(12,'DINE_IN','COZINHA_DOM_JUAN','Nanda','Mesa 8',NULL,'CLOSED',437.00,'2026-04-24 23:18:38.446','2026-04-25 01:20:32.852','2026-04-25 01:20:32.849','2026-04-25 01:20:32.849',3,3,43.70),(13,'DINE_IN','COZINHA_DOM_JUAN','José ','Mesa 6',NULL,'PAID',517.00,'2026-04-24 23:29:02.057','2026-04-25 02:51:21.232','2026-04-25 02:49:20.469','2026-04-25 02:33:57.175',4,3,51.70),(14,'DINE_IN','COZINHA_DOM_JUAN','Andre','Mesa 19',NULL,'PAID',823.00,'2026-04-24 23:42:02.273','2026-04-25 17:14:04.984','2026-04-25 17:14:01.670','2026-04-25 04:07:07.267',2,3,82.30),(15,'DINE_IN','COZINHA_DOM_JUAN','Vitor','Mesa 10',NULL,'CLOSED',172.00,'2026-04-24 23:48:21.952','2026-04-25 01:32:58.600','2026-04-25 01:32:58.597','2026-04-25 01:32:58.597',4,7,17.20),(16,'DINE_IN','COZINHA_DOM_JUAN','Antônio ','Mesa 23',NULL,'PAID',26.00,'2026-04-24 23:53:56.032','2026-04-25 02:39:07.096','2026-04-25 02:38:47.568','2026-04-25 00:48:21.800',2,2,2.60),(17,'DINE_IN','COZINHA_DOM_JUAN','cidão','Mesa 12',NULL,'PAID',107.00,'2026-04-24 23:55:32.861','2026-04-25 04:05:31.113','2026-04-25 04:05:25.598','2026-04-25 01:33:06.193',5,3,10.70),(18,'DINE_IN','COZINHA_DOM_JUAN','Jailton','Mesa 4',NULL,'CLOSED',245.00,'2026-04-25 00:03:19.756','2026-04-25 02:10:32.953','2026-04-25 02:10:32.950','2026-04-25 02:10:32.950',4,3,24.50),(19,'DINE_IN','COZINHA_DOM_JUAN','Malu','Mesa 18',NULL,'CANCELED',0.00,'2026-04-25 00:12:47.115','2026-04-25 17:13:21.385',NULL,NULL,2,NULL,0.00),(20,'DINE_IN','COZINHA_DOM_JUAN','Dão ','Mesa 3',NULL,'CLOSED',133.00,'2026-04-25 00:13:31.792','2026-04-25 01:17:39.006','2026-04-25 01:17:39.003','2026-04-25 01:17:39.003',3,3,13.30),(21,'DINE_IN','COZINHA_DOM_JUAN','Lidiane','Mesa 25',NULL,'CLOSED',385.00,'2026-04-25 00:40:07.493','2026-04-25 04:09:01.347','2026-04-25 04:09:01.345','2026-04-25 03:42:20.072',3,3,0.00),(22,'DINE_IN','COZINHA_DOM_JUAN','João ','Mesa 24',NULL,'PAID',70.00,'2026-04-25 00:41:30.805','2026-04-25 17:17:10.353','2026-04-25 17:17:07.062','2026-04-25 17:17:07.062',4,3,0.00),(23,'DINE_IN','COZINHA_DOM_JUAN','Milton','Mesa 9',NULL,'PAID',203.00,'2026-04-25 00:48:29.542','2026-04-25 03:26:35.239','2026-04-25 03:26:29.301','2026-04-25 02:10:23.093',4,3,20.30),(24,'DINE_IN','COZINHA_DOM_JUAN','Fabio ','Mesa 23',NULL,'CLOSED',318.00,'2026-04-25 00:48:32.216','2026-04-25 04:03:23.113','2026-04-25 04:03:23.111','2026-04-25 04:03:23.111',2,3,0.00),(25,'DINE_IN','COZINHA_DOM_JUAN','Talita','Mesa 2',NULL,'PAID',130.00,'2026-04-25 00:57:57.941','2026-04-25 03:28:54.316','2026-04-25 03:28:42.969','2026-04-25 02:10:37.917',4,3,13.00),(26,'DINE_IN','COZINHA_DOM_JUAN','Nilson','Mesa 7',NULL,'PAID',155.00,'2026-04-25 01:08:47.361','2026-04-25 04:08:46.400','2026-04-25 04:08:37.058','2026-04-25 04:05:51.702',4,3,0.00),(27,'DINE_IN','COZINHA_DOM_JUAN','Samily','Mesa 23',NULL,'PAID',86.00,'2026-04-25 01:17:28.033','2026-04-25 02:59:47.193','2026-04-25 02:59:40.099','2026-04-25 02:27:03.734',2,2,8.60),(28,'DINE_IN','COZINHA_DOM_JUAN','Vih','Mesa 8',NULL,'CLOSED',326.00,'2026-04-25 01:20:44.453','2026-04-25 04:06:27.470','2026-04-25 04:06:27.456','2026-04-25 04:06:00.372',3,3,0.00),(29,'DINE_IN','COZINHA_DOM_JUAN','não identificado','Mesa 10',NULL,'CLOSED',0.00,'2026-04-25 02:01:25.706','2026-04-25 20:17:19.843','2026-04-25 20:17:19.840','2026-04-25 02:34:23.619',5,5,0.00),(30,'DINE_IN','COZINHA_DOM_JUAN','...','Mesa 10',NULL,'PAID',30.00,'2026-04-25 02:34:39.058','2026-04-25 02:44:43.844','2026-04-25 02:44:05.452','2026-04-25 02:37:23.912',3,5,0.00),(31,'DINE_IN','COZINHA_DOM_JUAN','Andre','Mesa 19',NULL,'PAID',3.00,'2026-04-24 23:48:21.952','2026-04-24 23:48:21.952','2026-04-25 17:15:26.152','2026-04-25 04:14:02.762',2,3,0.30),(32,'DINE_IN','COZINHA_DOM_JUAN','Andre','Mesa 19',NULL,'PAID',691.00,'2026-04-24 23:48:21.952','2026-04-24 23:48:21.952','2026-04-25 17:13:31.609','2026-04-25 17:13:31.609',2,7,69.10),(40,'DINE_IN','COZINHA_DOM_JUAN','Gabriel ','Mesa 23',NULL,'PAID',60.00,'2026-04-25 22:42:38.893','2026-04-26 02:30:58.974','2026-04-26 02:28:01.047','2026-04-26 01:02:45.385',5,2,6.00),(41,'DINE_IN','COZINHA_DOM_JUAN','almerindo ','Mesa 20',NULL,'CLOSED',240.00,'2026-04-25 22:44:43.989','2026-04-26 01:49:23.323','2026-04-26 01:49:23.318','2026-04-26 01:49:23.318',5,4,24.00),(42,'DINE_IN','COZINHA_DOM_JUAN','Julio','Mesa 11',NULL,'PAID',145.00,'2026-04-25 22:52:14.872','2026-04-26 00:04:34.374','2026-04-26 00:04:27.150','2026-04-26 00:04:10.631',2,2,14.50),(43,'DINE_IN','COZINHA_DOM_JUAN','José Arcanjo ','Mesa 14',NULL,'CLOSED',331.00,'2026-04-25 22:53:55.078','2026-04-26 04:04:33.405','2026-04-26 04:04:33.403','2026-04-26 04:04:33.403',2,6,33.10),(44,'DINE_IN','COZINHA_DOM_JUAN','Jackson Júnior','Mesa 15',NULL,'PAID',866.00,'2026-04-25 23:00:22.545','2026-04-26 01:41:50.019','2026-04-26 01:38:46.941','2026-04-26 01:36:10.245',2,5,86.60),(45,'DINE_IN','COZINHA_DOM_JUAN','José ','Mesa 17',NULL,'PAID',239.00,'2026-04-25 23:07:03.891','2026-04-26 00:14:07.963','2026-04-26 00:13:54.564','2026-04-26 00:13:49.128',5,5,23.90),(46,'DINE_IN','COZINHA_DOM_JUAN','Tatiana','Mesa 10',NULL,'PAID',179.00,'2026-04-25 23:07:08.970','2026-04-26 00:51:42.262','2026-04-26 00:51:20.617','2026-04-26 00:31:08.235',4,2,17.90),(47,'DINE_IN','COZINHA_DOM_JUAN','Bebeto','Mesa 7',NULL,'CLOSED',181.00,'2026-04-25 23:19:03.530','2026-04-26 01:54:47.902','2026-04-26 01:54:47.883','2026-04-26 01:45:19.989',4,4,18.10),(48,'DINE_IN','COZINHA_DOM_JUAN','Vih','Mesa 2',NULL,'CLOSED',60.00,'2026-04-25 23:26:19.673','2026-04-26 04:03:55.115','2026-04-26 04:03:55.112','2026-04-26 04:03:55.112',2,4,6.00),(49,'DINE_IN','COZINHA_DOM_JUAN','Laldo ','Mesa 18',NULL,'CLOSED',1261.00,'2026-04-25 23:34:06.241','2026-04-26 04:02:33.558','2026-04-26 04:02:33.556','2026-04-26 04:02:33.556',5,6,0.00),(50,'DINE_IN','COZINHA_DOM_JUAN','Zeca','Mesa 6',NULL,'CLOSED',247.00,'2026-04-25 23:40:39.325','2026-04-26 04:04:08.887','2026-04-26 04:04:08.885','2026-04-26 04:04:08.885',4,6,24.70),(51,'DINE_IN','COZINHA_DOM_JUAN','Andei','Mesa 9',NULL,'PAID',479.00,'2026-04-25 23:42:02.863','2026-04-26 03:04:53.694','2026-04-26 03:02:57.805','2026-04-26 02:58:01.163',2,2,47.90),(52,'DINE_IN','COZINHA_DOM_JUAN','Adriano ','Mesa 12',NULL,'PAID',250.00,'2026-04-25 23:45:39.749','2026-04-26 02:27:24.484','2026-04-26 02:27:16.840','2026-04-26 01:03:12.244',2,2,25.00),(53,'DINE_IN','COZINHA_DOM_JUAN','Fagner','Mesa 8',NULL,'PAID',232.00,'2026-04-25 23:48:48.750','2026-04-26 01:32:46.860','2026-04-26 01:32:09.045','2026-04-26 01:30:54.280',4,5,23.20),(54,'DINE_IN','BAR','renan','Mesa 51',NULL,'PAID',52.00,'2026-04-25 23:48:48.750','2026-04-26 02:41:27.877','2026-04-26 02:38:51.770',NULL,6,6,0.00),(55,'DINE_IN','COZINHA_DOM_JUAN','Lene','Mesa 11',NULL,'CLOSED',151.00,'2026-04-25 23:48:48.750','2026-04-26 04:04:44.576','2026-04-26 04:04:44.572','2026-04-26 04:04:44.572',4,4,15.10),(56,'DINE_IN','COZINHA_DOM_JUAN','Fabricia','Mesa 3',NULL,'CLOSED',47.00,'2026-04-25 23:48:48.750','2026-04-26 04:04:00.793','2026-04-26 04:04:00.790','2026-04-26 04:04:00.790',4,6,4.70),(57,'DINE_IN','COZINHA_DOM_JUAN','Tarcísio ','Mesa 17',NULL,'PAID',585.00,'2026-04-25 23:48:48.750','2026-04-26 04:31:19.437','2026-04-26 04:30:58.002','2026-04-26 04:30:58.002',2,6,58.50),(58,'DINE_IN','COZINHA_DOM_JUAN','vagner ','Mesa 24',NULL,'PAID',173.00,'2026-04-25 23:48:48.750','2026-04-26 02:23:15.640','2026-04-26 02:23:11.054','2026-04-26 02:16:08.750',5,5,17.30),(59,'DINE_IN','COZINHA_DOM_JUAN','Bruno','Mesa 22',NULL,'PAID',279.00,'2026-04-25 23:48:48.750','2026-04-26 03:07:09.310','2026-04-26 03:07:04.381','2026-04-26 02:57:26.746',4,4,27.90),(60,'DINE_IN','COZINHA_DOM_JUAN','graça ','Mesa 13',NULL,'CLOSED',294.00,'2026-04-25 23:48:48.750','2026-04-26 04:33:05.098','2026-04-26 04:33:05.097','2026-04-26 04:33:05.097',5,2,29.40),(61,'DINE_IN','COZINHA_DOM_JUAN','John ','Mesa 10',NULL,'PAID',307.00,'2026-04-25 23:48:48.750','2026-04-26 03:18:42.264','2026-04-26 03:18:36.511','2026-04-26 03:05:05.218',2,4,30.70),(62,'DINE_IN','COZINHA_DOM_JUAN','Paulo ','Mesa 19',NULL,'PAID',260.00,'2026-04-25 23:48:48.750','2026-04-26 02:01:45.853','2026-04-26 02:01:41.236','2026-04-26 01:48:48.462',5,5,26.00),(63,'DINE_IN','COZINHA_DOM_JUAN','Adeilton','Mesa 26',NULL,'PAID',212.00,'2026-04-25 23:48:48.750','2026-04-26 02:26:37.462','2026-04-26 02:25:53.951','2026-04-26 02:14:52.243',4,4,21.20),(64,'DINE_IN','COZINHA_DOM_JUAN','Gusttavo ','Mesa 21',NULL,'PAID',127.00,'2026-04-25 23:48:48.750','2026-04-26 02:24:09.983','2026-04-26 02:24:04.630','2026-04-26 02:16:22.723',2,5,12.70),(65,'DINE_IN','COZINHA_DOM_JUAN','Pedro ','Mesa 27',NULL,'PAID',130.00,'2026-04-25 23:48:48.750','2026-04-26 02:24:55.179','2026-04-26 02:24:49.671','2026-04-26 02:19:48.221',2,4,13.00),(66,'DINE_IN','COZINHA_DOM_JUAN','Carolina ','Mesa 28',NULL,'CLOSED',140.00,'2026-04-25 23:48:48.750','2026-04-26 04:15:20.253','2026-04-26 04:15:20.251','2026-04-26 04:15:20.251',2,6,14.00),(67,'DINE_IN','COZINHA_DOM_JUAN','gardenia ','Mesa 8',NULL,'PAID',1120.00,'2026-04-25 23:48:48.750','2026-04-26 04:38:43.843','2026-04-26 04:37:36.132','2026-04-26 04:33:14.724',5,6,0.00),(68,'DINE_IN','COZINHA_DOM_JUAN','Malu','Mesa 23',NULL,'PAID',372.00,'2026-04-25 23:48:48.750','2026-04-26 03:13:02.260','2026-04-26 03:12:02.083','2026-04-26 03:08:07.558',4,4,0.00),(69,'DINE_IN','COZINHA_DOM_JUAN','Jairo ','Mesa 24',NULL,'CLOSED',368.00,'2026-04-25 23:48:48.750','2026-04-26 04:24:52.549','2026-04-26 04:24:52.546','2026-04-26 04:24:52.546',2,2,36.80),(70,'DINE_IN','COZINHA_DOM_JUAN','Rege','Mesa 7',NULL,'CLOSED',93.00,'2026-04-25 23:48:48.750','2026-04-26 04:04:12.960','2026-04-26 04:04:12.957','2026-04-26 04:04:12.957',4,4,9.30),(71,'DINE_IN','COZINHA_DOM_JUAN','praya','Mesa 20',NULL,'CLOSED',14.00,'2026-04-25 23:48:48.750','2026-04-26 03:31:14.156','2026-04-26 03:31:14.153','2026-04-26 03:31:14.153',5,6,0.00),(72,'DINE_IN','COZINHA_DOM_JUAN','Gabriel ','Mesa 20',NULL,'CLOSED',20.00,'2026-04-25 23:48:48.750','2026-04-26 04:26:36.105','2026-04-26 04:26:36.103','2026-04-26 04:26:36.103',2,2,2.00),(73,'DINE_IN','COZINHA_DOM_JUAN','Jack','Mesa 1',NULL,'PAID',62.00,'2026-04-25 23:48:48.750','2026-04-26 14:57:09.692','2026-04-26 14:55:17.383','2026-04-26 14:54:24.695',2,6,6.20),(74,'DINE_IN','COZINHA_DOM_JUAN','nnn','Mesa 1',NULL,'CLOSED',6.00,'2026-04-26 22:11:42.933','2026-04-26 22:36:28.941','2026-04-26 22:36:28.938','2026-04-26 22:36:28.938',3,3,0.00),(75,'DINE_IN','COZINHA_DOM_JUAN','Luciana','Mesa 23',NULL,'PAID',155.00,'2026-04-26 22:28:56.625','2026-04-27 02:14:36.016','2026-04-27 02:13:39.658','2026-04-27 01:04:57.494',4,4,15.50),(76,'DINE_IN','COZINHA_DOM_JUAN','Antônio ','Mesa 20',NULL,'CLOSED',190.00,'2026-04-26 22:42:27.308','2026-04-27 02:21:14.642','2026-04-27 02:21:14.640','2026-04-27 02:21:14.640',2,3,19.00),(77,'DINE_IN','COZINHA_DOM_JUAN','Gemima ','Mesa 3',NULL,'PAID',281.00,'2026-04-26 22:44:52.192','2026-04-27 00:14:55.026','2026-04-27 00:14:50.710','2026-04-26 23:58:28.792',2,4,28.10),(78,'DINE_IN','COZINHA_DOM_JUAN','Murilo ','Mesa 16',NULL,'PAID',256.00,'2026-04-26 23:07:04.410','2026-04-27 00:40:45.687','2026-04-27 00:40:18.347','2026-04-27 00:39:19.210',2,5,25.60),(79,'DINE_IN','COZINHA_DOM_JUAN','Cida','Mesa 26',NULL,'PAID',403.00,'2026-04-26 23:11:33.470','2026-04-27 00:43:51.158','2026-04-27 00:42:59.265','2026-04-27 00:39:11.956',4,4,0.00),(80,'DINE_IN','COZINHA_DOM_JUAN','Claudio ','Mesa 11',NULL,'PAID',344.00,'2026-04-26 23:14:23.741','2026-04-27 00:48:54.849','2026-04-27 00:48:50.299','2026-04-27 00:44:39.305',2,2,34.40),(81,'DINE_IN','COZINHA_DOM_JUAN','Murilo','Mesa 50',NULL,'PAID',215.00,'2026-04-26 23:20:53.836','2026-04-27 02:24:28.994','2026-04-27 02:23:00.434',NULL,3,3,21.50),(82,'DINE_IN','COZINHA_DOM_JUAN','Mateus Ladeia ','Mesa 22',NULL,'PAID',153.00,'2026-04-26 23:29:56.669','2026-04-27 02:21:29.409','2026-04-27 02:21:18.712','2026-04-27 02:21:10.814',2,2,15.30),(83,'DINE_IN','COZINHA_DOM_JUAN','Artur ','Mesa 17',NULL,'CLOSED',253.00,'2026-04-26 23:36:43.037','2026-04-27 00:32:58.712','2026-04-27 00:32:58.709','2026-04-27 00:32:58.709',5,3,25.30),(84,'DINE_IN','COZINHA_DOM_JUAN','Caroline ','Mesa 21',NULL,'PAID',207.00,'2026-04-26 23:42:09.382','2026-04-27 00:49:20.633','2026-04-27 00:49:18.075','2026-04-27 00:44:52.758',2,2,20.70),(85,'DINE_IN','COZINHA_DOM_JUAN','arlisson','Mesa 15',NULL,'CLOSED',351.00,'2026-04-26 23:42:25.001','2026-04-27 03:01:06.084','2026-04-27 03:01:06.081','2026-04-27 03:01:06.081',5,3,35.10),(86,'DINE_IN','COZINHA_DOM_JUAN','Carneiro','Mesa 24',NULL,'PAID',115.00,'2026-04-27 00:26:32.456','2026-04-27 02:12:21.334','2026-04-27 02:12:15.548','2026-04-27 01:23:21.157',3,4,0.00),(87,'DINE_IN','COZINHA_DOM_JUAN','Pedro bar','Mesa 29',NULL,'OPEN',77.00,'2026-04-27 00:31:27.073','2026-04-27 02:47:50.815',NULL,NULL,3,NULL,7.70),(88,'DINE_IN','COZINHA_DOM_JUAN','...','Mesa 17',NULL,'CLOSED',78.00,'2026-04-27 01:33:27.409','2026-04-27 03:01:10.834','2026-04-27 03:01:10.832','2026-04-27 03:01:10.832',3,3,7.80),(89,'DINE_IN','COZINHA_DOM_JUAN','Juan','Mesa 6',NULL,'OPEN',74.00,'2026-04-28 22:20:11.402','2026-04-29 00:43:29.552',NULL,NULL,5,NULL,7.40),(90,'DINE_IN','COZINHA_DOM_JUAN','Jeferson ','Mesa 20',NULL,'PAID',176.00,'2026-04-28 22:28:54.140','2026-04-29 01:22:27.754','2026-04-29 01:22:20.669','2026-04-29 00:01:27.397',2,2,17.60),(91,'DINE_IN','COZINHA_DOM_JUAN','nn','Mesa 36',NULL,'CANCELED',0.00,'2026-04-28 22:30:29.169','2026-04-28 22:33:37.672',NULL,NULL,5,NULL,0.00),(92,'DINE_IN','COZINHA_DOM_JUAN','nnn','Mesa 38',NULL,'CANCELED',3.00,'2026-04-28 22:30:51.155','2026-04-28 22:33:15.791',NULL,NULL,5,NULL,0.30),(93,'DINE_IN','COZINHA_DOM_JUAN','carol','Mesa 18',NULL,'PAID',195.00,'2026-04-28 22:36:52.263','2026-04-29 01:23:43.614','2026-04-29 01:23:31.885','2026-04-29 00:49:42.955',5,2,0.00),(94,'DINE_IN','COZINHA_DOM_JUAN','Junior','Mesa 22',NULL,'PAID',169.00,'2026-04-28 22:41:09.978','2026-04-29 01:25:24.948','2026-04-29 01:25:09.746','2026-04-29 00:30:29.655',4,4,16.90),(95,'DINE_IN','COZINHA_DOM_JUAN','pedro','Mesa 50',NULL,'PAID',6.00,'2026-04-28 22:46:30.197','2026-04-28 22:48:47.483','2026-04-28 22:47:29.990',NULL,3,3,0.60),(96,'DINE_IN','COZINHA_DOM_JUAN','Luis Augusto ','Mesa 15',NULL,'PAID',279.00,'2026-04-28 22:58:53.302','2026-04-29 01:24:50.105','2026-04-29 01:24:46.287','2026-04-29 00:42:00.042',2,5,27.90),(97,'DELIVERY','DELIVERY','rafaela',NULL,'retirada','PAID',7.00,'2026-04-28 23:02:37.672','2026-04-28 23:05:42.963','2026-04-28 23:04:20.314',NULL,3,3,0.70),(98,'DELIVERY','DELIVERY','Teste',NULL,'retirada','CLOSED',0.00,'2026-04-28 23:23:28.365','2026-04-28 23:28:49.385','2026-04-28 23:28:49.375',NULL,3,3,0.00),(99,'DINE_IN','COZINHA_DOM_JUAN','Santi','Mesa 11',NULL,'PAID',80.00,'2026-04-28 23:28:34.727','2026-04-29 01:24:20.643','2026-04-29 01:24:15.608',NULL,5,3,8.00),(100,'DINE_IN','COZINHA_DOM_JUAN','tatiane','Mesa 17',NULL,'PAID',92.00,'2026-04-28 23:33:48.791','2026-04-29 01:25:50.220','2026-04-29 01:25:42.479','2026-04-29 00:28:07.957',5,5,9.20),(101,'DINE_IN','COZINHA_DOM_JUAN','Jodnes','Mesa 21',NULL,'PAID',159.00,'2026-04-28 23:39:06.920','2026-04-29 01:21:02.472','2026-04-29 01:20:54.770','2026-04-29 00:54:45.225',4,4,15.90),(102,'DELIVERY','DELIVERY','rafaela',NULL,'retirada','OPEN',14.00,'2026-04-29 00:28:47.070','2026-04-29 00:28:47.074',NULL,NULL,3,NULL,1.40),(103,'DELIVERY','DELIVERY','rafaela',NULL,'retirada','CANCELED',24.00,'2026-04-29 00:31:01.501','2026-04-29 00:32:59.935',NULL,NULL,3,NULL,0.00),(104,'DELIVERY','DELIVERY','rafaela',NULL,'retirada','PAID',107.00,'2026-04-29 00:36:14.148','2026-04-29 00:38:38.786','2026-04-29 00:36:41.436',NULL,3,3,0.00),(105,'DINE_IN','COZINHA_DOM_JUAN','peu','Mesa 40','retirada','PAID',38.00,'2026-04-29 00:40:31.921','2026-04-29 00:48:39.561','2026-04-29 00:47:44.618',NULL,3,3,0.00),(106,'DINE_IN','COZINHA_DOM_JUAN','lu','Mesa 40','retirada','PAID',133.00,'2026-04-29 00:49:35.331','2026-04-29 00:59:36.464','2026-04-29 00:57:27.414',NULL,3,3,0.00),(107,'DINE_IN','COZINHA_DOM_JUAN','Igor ','Mesa 20',NULL,'PAID',156.00,'2026-04-29 00:52:47.847','2026-04-29 02:00:06.944','2026-04-29 02:00:01.741','2026-04-29 01:55:41.768',2,2,15.60),(108,'DINE_IN','COZINHA_DOM_JUAN','Luciana','Mesa 39',NULL,'CLOSED',38.00,'2026-04-29 01:17:59.749','2026-04-29 01:19:06.283','2026-04-29 01:19:06.280',NULL,4,3,3.80),(109,'DINE_IN','COZINHA_DOM_JUAN','Rafa','Mesa 39',NULL,'OPEN',6.00,'2026-04-29 01:20:17.762','2026-04-29 01:20:35.803',NULL,NULL,4,NULL,0.60),(110,'DINE_IN','COZINHA_DOM_JUAN','nnn','Mesa 17',NULL,'OPEN',253.00,'2026-04-29 01:33:28.574','2026-04-29 02:34:05.613',NULL,NULL,5,NULL,25.30),(111,'DINE_IN','COZINHA_DOM_JUAN','Murillo','Mesa 18',NULL,'OPEN',53.00,'2026-04-29 01:39:12.532','2026-04-29 02:10:46.605',NULL,NULL,4,NULL,5.30),(112,'DELIVERY','DELIVERY','rafaela',NULL,'retirada','CLOSED',15.00,'2026-04-29 02:37:08.901','2026-04-29 02:37:19.128','2026-04-29 02:37:19.123',NULL,3,3,0.00);
/*!40000 ALTER TABLE `orders` ENABLE KEYS */;
UNLOCK TABLES;

--
-- Table structure for table `preparation_steps`
--

DROP TABLE IF EXISTS `preparation_steps`;
/*!40101 SET @saved_cs_client     = @@character_set_client */;
/*!50503 SET character_set_client = utf8mb4 */;
CREATE TABLE `preparation_steps` (
  `id` int NOT NULL AUTO_INCREMENT,
  `order` int NOT NULL,
  `description` text CHARACTER SET utf8mb4 COLLATE utf8mb4_unicode_ci NOT NULL,
  `product_id` int NOT NULL,
  `created_at` datetime(3) NOT NULL DEFAULT CURRENT_TIMESTAMP(3),
  `updated_at` datetime(3) NOT NULL,
  PRIMARY KEY (`id`),
  UNIQUE KEY `preparation_steps_product_id_order_key` (`product_id`,`order`),
  KEY `preparation_steps_product_id_idx` (`product_id`),
  CONSTRAINT `preparation_steps_product_id_fkey` FOREIGN KEY (`product_id`) REFERENCES `products` (`id`) ON DELETE CASCADE ON UPDATE CASCADE
) ENGINE=InnoDB DEFAULT CHARSET=utf8mb4 COLLATE=utf8mb4_unicode_ci;
/*!40101 SET character_set_client = @saved_cs_client */;

--
-- Dumping data for table `preparation_steps`
--

LOCK TABLES `preparation_steps` WRITE;
/*!40000 ALTER TABLE `preparation_steps` DISABLE KEYS */;
/*!40000 ALTER TABLE `preparation_steps` ENABLE KEYS */;
UNLOCK TABLES;

--
-- Table structure for table `primary_materials`
--

DROP TABLE IF EXISTS `primary_materials`;
/*!40101 SET @saved_cs_client     = @@character_set_client */;
/*!50503 SET character_set_client = utf8mb4 */;
CREATE TABLE `primary_materials` (
  `id` int NOT NULL AUTO_INCREMENT,
  `name` varchar(191) CHARACTER SET utf8mb4 COLLATE utf8mb4_unicode_ci NOT NULL,
  `code` varchar(191) CHARACTER SET utf8mb4 COLLATE utf8mb4_unicode_ci NOT NULL,
  `unit` enum('UN','KG','LT','MT','CX','ML','GR','DZ') CHARACTER SET utf8mb4 COLLATE utf8mb4_unicode_ci NOT NULL,
  `unit_cost` decimal(10,2) NOT NULL,
  `current_stock` decimal(10,3) NOT NULL DEFAULT '0.000',
  `min_stock` decimal(10,3) DEFAULT NULL,
  `expiry_date` datetime(3) DEFAULT NULL,
  `active` tinyint(1) NOT NULL DEFAULT '1',
  `ncm` varchar(191) CHARACTER SET utf8mb4 COLLATE utf8mb4_unicode_ci DEFAULT NULL,
  `cfop` varchar(191) CHARACTER SET utf8mb4 COLLATE utf8mb4_unicode_ci DEFAULT '5102',
  `created_at` datetime(3) NOT NULL DEFAULT CURRENT_TIMESTAMP(3),
  `updated_at` datetime(3) NOT NULL,
  PRIMARY KEY (`id`),
  UNIQUE KEY `primary_materials_code_key` (`code`),
  KEY `primary_materials_code_idx` (`code`),
  KEY `primary_materials_active_idx` (`active`)
) ENGINE=InnoDB AUTO_INCREMENT=2 DEFAULT CHARSET=utf8mb4 COLLATE=utf8mb4_unicode_ci;
/*!40101 SET character_set_client = @saved_cs_client */;

--
-- Dumping data for table `primary_materials`
--

LOCK TABLES `primary_materials` WRITE;
/*!40000 ALTER TABLE `primary_materials` DISABLE KEYS */;
INSERT INTO `primary_materials` VALUES (1,'GARRAFA ABSOLUT','1','ML',0.11,1000.000,5.000,NULL,1,NULL,'5102','2026-04-28 23:42:34.854','2026-04-28 23:42:34.854');
/*!40000 ALTER TABLE `primary_materials` ENABLE KEYS */;
UNLOCK TABLES;

--
-- Table structure for table `production_locations`
--

DROP TABLE IF EXISTS `production_locations`;
/*!40101 SET @saved_cs_client     = @@character_set_client */;
/*!50503 SET character_set_client = utf8mb4 */;
CREATE TABLE `production_locations` (
  `id` int NOT NULL AUTO_INCREMENT,
  `code` varchar(191) CHARACTER SET utf8mb4 COLLATE utf8mb4_unicode_ci NOT NULL,
  `name` varchar(191) CHARACTER SET utf8mb4 COLLATE utf8mb4_unicode_ci NOT NULL,
  `description` varchar(191) CHARACTER SET utf8mb4 COLLATE utf8mb4_unicode_ci DEFAULT NULL,
  `active` tinyint(1) NOT NULL DEFAULT '1',
  `order` int NOT NULL DEFAULT '0',
  `created_at` datetime(3) NOT NULL DEFAULT CURRENT_TIMESTAMP(3),
  `updated_at` datetime(3) NOT NULL,
  PRIMARY KEY (`id`),
  UNIQUE KEY `production_locations_code_key` (`code`),
  KEY `production_locations_active_idx` (`active`),
  KEY `production_locations_order_idx` (`order`)
) ENGINE=InnoDB AUTO_INCREMENT=3 DEFAULT CHARSET=utf8mb4 COLLATE=utf8mb4_unicode_ci;
/*!40101 SET character_set_client = @saved_cs_client */;

--
-- Dumping data for table `production_locations`
--

LOCK TABLES `production_locations` WRITE;
/*!40000 ALTER TABLE `production_locations` DISABLE KEYS */;
INSERT INTO `production_locations` VALUES (1,'BAR','BAR','Preparo de Bebidas e drinks',1,2,'2026-04-24 20:44:40.643','2026-04-24 20:44:40.643'),(2,'COZINHA_DOM_JUAN','DOM JUAN','Preparo de Pratos especiais',1,1,'2026-04-24 20:44:40.664','2026-04-24 20:44:40.664');
/*!40000 ALTER TABLE `production_locations` ENABLE KEYS */;
UNLOCK TABLES;

--
-- Table structure for table `products`
--

DROP TABLE IF EXISTS `products`;
/*!40101 SET @saved_cs_client     = @@character_set_client */;
/*!50503 SET character_set_client = utf8mb4 */;
CREATE TABLE `products` (
  `id` int NOT NULL AUTO_INCREMENT,
  `name` varchar(191) CHARACTER SET utf8mb4 COLLATE utf8mb4_unicode_ci NOT NULL,
  `code` varchar(191) CHARACTER SET utf8mb4 COLLATE utf8mb4_unicode_ci NOT NULL,
  `production_location` varchar(191) CHARACTER SET utf8mb4 COLLATE utf8mb4_unicode_ci DEFAULT NULL,
  `price` decimal(10,2) NOT NULL,
  `cost_price` decimal(10,2) NOT NULL,
  `extra_costs` decimal(10,2) NOT NULL DEFAULT '0.00',
  `ncm` varchar(191) CHARACTER SET utf8mb4 COLLATE utf8mb4_unicode_ci NOT NULL,
  `cest` varchar(191) CHARACTER SET utf8mb4 COLLATE utf8mb4_unicode_ci DEFAULT NULL,
  `origin` int NOT NULL,
  `csosn` varchar(191) CHARACTER SET utf8mb4 COLLATE utf8mb4_unicode_ci DEFAULT NULL,
  `cst` varchar(191) CHARACTER SET utf8mb4 COLLATE utf8mb4_unicode_ci DEFAULT NULL,
  `icms_rate` decimal(5,2) DEFAULT NULL,
  `cst_pis` varchar(191) CHARACTER SET utf8mb4 COLLATE utf8mb4_unicode_ci DEFAULT NULL,
  `pis_rate` decimal(5,2) DEFAULT NULL,
  `cst_cofins` varchar(191) CHARACTER SET utf8mb4 COLLATE utf8mb4_unicode_ci DEFAULT NULL,
  `cofins_rate` decimal(5,2) DEFAULT NULL,
  `federal_tax_rate` decimal(5,2) DEFAULT NULL,
  `state_tax_rate` decimal(5,2) DEFAULT NULL,
  `municipal_tax_rate` decimal(5,2) DEFAULT NULL,
  `unit` enum('UN','KG','LT','MT','CX','ML','GR','DZ') CHARACTER SET utf8mb4 COLLATE utf8mb4_unicode_ci NOT NULL,
  `quantity` decimal(10,3) NOT NULL DEFAULT '0.000',
  `min_stock` decimal(10,3) DEFAULT NULL,
  `active` tinyint(1) NOT NULL DEFAULT '1',
  `product_type` enum('MANUFACTURED','RESALE','SEMI_MANUFACTURED') CHARACTER SET utf8mb4 COLLATE utf8mb4_unicode_ci NOT NULL DEFAULT 'RESALE',
  `category_id` int DEFAULT NULL,
  `created_at` datetime(3) NOT NULL DEFAULT CURRENT_TIMESTAMP(3),
  `updated_at` datetime(3) NOT NULL,
  PRIMARY KEY (`id`),
  UNIQUE KEY `products_code_key` (`code`),
  KEY `products_code_idx` (`code`),
  KEY `products_ncm_idx` (`ncm`),
  KEY `products_active_idx` (`active`),
  KEY `products_category_id_idx` (`category_id`),
  CONSTRAINT `products_category_id_fkey` FOREIGN KEY (`category_id`) REFERENCES `categories` (`id`) ON DELETE SET NULL ON UPDATE CASCADE
) ENGINE=InnoDB AUTO_INCREMENT=129 DEFAULT CHARSET=utf8mb4 COLLATE=utf8mb4_unicode_ci;
/*!40101 SET character_set_client = @saved_cs_client */;

--
-- Dumping data for table `products`
--

LOCK TABLES `products` WRITE;
/*!40000 ALTER TABLE `products` DISABLE KEYS */;
INSERT INTO `products` VALUES (1,'Provolone Pachá','ENT001','COZINHA_DOM_JUAN',40.00,0.00,0.00,'00000000',NULL,0,'102',NULL,NULL,NULL,NULL,NULL,NULL,0.00,0.00,0.00,'UN',0.000,NULL,1,'MANUFACTURED',1,'2026-04-24 20:44:40.689','2026-04-24 20:44:40.689'),(2,'Panceta','ENT002','COZINHA_DOM_JUAN',35.00,0.00,0.00,'00000000',NULL,0,'102',NULL,NULL,NULL,NULL,NULL,NULL,0.00,0.00,0.00,'UN',0.000,NULL,1,'MANUFACTURED',1,'2026-04-24 20:44:40.713','2026-04-24 20:44:40.713'),(3,'Coxinha Dom Juan','ENT003','COZINHA_DOM_JUAN',38.00,0.00,0.00,'00000000',NULL,0,'102',NULL,NULL,NULL,NULL,NULL,NULL,0.00,0.00,0.00,'UN',0.000,NULL,1,'MANUFACTURED',1,'2026-04-24 20:44:40.729','2026-04-24 20:44:40.729'),(4,'Beef Tartare','ENT004','COZINHA_DOM_JUAN',55.00,0.00,0.00,'00000000',NULL,0,'102',NULL,NULL,NULL,NULL,NULL,NULL,0.00,0.00,0.00,'UN',0.000,NULL,1,'MANUFACTURED',1,'2026-04-24 20:44:40.745','2026-04-24 20:44:40.745'),(5,'Onion Rings','ENT005','COZINHA_DOM_JUAN',25.00,0.00,0.00,'00000000',NULL,0,'102',NULL,NULL,NULL,NULL,NULL,NULL,0.00,0.00,0.00,'UN',0.000,NULL,1,'MANUFACTURED',1,'2026-04-24 20:44:40.761','2026-04-24 20:44:40.761'),(6,'Fritas Flambadas com Cheddar e Bacon','ENT006','COZINHA_DOM_JUAN',45.00,0.00,0.00,'00000000',NULL,0,'102',NULL,NULL,NULL,NULL,NULL,NULL,0.00,0.00,0.00,'UN',0.000,NULL,1,'MANUFACTURED',1,'2026-04-24 20:44:40.777','2026-04-24 20:44:40.777'),(7,'Fritas (Vegetariano)','ENT007','COZINHA_DOM_JUAN',35.00,0.00,0.00,'00000000',NULL,0,'102',NULL,NULL,NULL,NULL,NULL,NULL,0.00,0.00,0.00,'UN',0.000,NULL,1,'MANUFACTURED',1,'2026-04-24 20:44:40.793','2026-04-24 20:44:40.793'),(8,'Carne de Sol','ENT008','COZINHA_DOM_JUAN',60.00,0.00,0.00,'00000000',NULL,0,'102',NULL,NULL,NULL,NULL,NULL,NULL,0.00,0.00,0.00,'UN',0.000,NULL,1,'MANUFACTURED',1,'2026-04-24 20:44:40.810','2026-04-24 20:44:40.810'),(9,'Queijo Coalho','ENT009','COZINHA_DOM_JUAN',32.00,0.00,0.00,'00000000',NULL,0,'102',NULL,NULL,NULL,NULL,NULL,NULL,0.00,0.00,0.00,'UN',0.000,NULL,1,'MANUFACTURED',1,'2026-04-24 20:44:40.825','2026-04-24 20:44:40.825'),(10,'Pão de Alho da Parrilla','ENT010','COZINHA_DOM_JUAN',21.00,0.00,0.00,'00000000',NULL,0,'102',NULL,NULL,NULL,NULL,NULL,NULL,0.00,0.00,0.00,'UN',0.000,NULL,1,'MANUFACTURED',1,'2026-04-24 20:44:40.840','2026-04-24 20:44:40.840'),(11,'Linguiça Provoleta','ENT011','COZINHA_DOM_JUAN',58.00,0.00,0.00,'00000000',NULL,0,'102',NULL,NULL,NULL,NULL,NULL,NULL,0.00,0.00,0.00,'UN',0.000,NULL,1,'MANUFACTURED',1,'2026-04-24 20:44:40.858','2026-04-24 20:44:40.858'),(12,'Gran Choripán','ENT012','COZINHA_DOM_JUAN',35.00,0.00,0.00,'00000000',NULL,0,'102',NULL,NULL,NULL,NULL,NULL,NULL,0.00,0.00,0.00,'UN',0.000,NULL,1,'MANUFACTURED',1,'2026-04-24 20:44:40.875','2026-04-24 20:44:40.875'),(13,'Bolinho de Cupim','ENT013','COZINHA_DOM_JUAN',36.00,0.00,0.00,'00000000',NULL,0,'102',NULL,NULL,NULL,NULL,NULL,NULL,0.00,0.00,0.00,'UN',0.000,NULL,1,'MANUFACTURED',1,'2026-04-24 20:44:40.894','2026-04-24 20:44:40.894'),(14,'Bolinho de Rabada','ENT014','COZINHA_DOM_JUAN',40.00,0.00,0.00,'00000000',NULL,0,'102',NULL,NULL,NULL,NULL,NULL,NULL,0.00,0.00,0.00,'UN',0.000,NULL,1,'MANUFACTURED',1,'2026-04-24 20:44:40.916','2026-04-24 20:44:40.916'),(15,'Mignon alla Vodka','ENT015','COZINHA_DOM_JUAN',70.00,0.00,0.00,'00000000',NULL,0,'102',NULL,NULL,NULL,NULL,NULL,NULL,0.00,0.00,0.00,'UN',0.000,NULL,1,'MANUFACTURED',1,'2026-04-24 20:44:40.935','2026-04-24 20:44:40.935'),(16,'Fish & Chips','ENT016','COZINHA_DOM_JUAN',60.00,0.00,0.00,'00000000',NULL,0,'102',NULL,NULL,NULL,NULL,NULL,NULL,0.00,0.00,0.00,'UN',0.000,NULL,1,'MANUFACTURED',1,'2026-04-24 20:44:40.956','2026-04-24 20:44:40.956'),(17,'Camarão Fuego','ENT017','COZINHA_DOM_JUAN',89.00,0.00,0.00,'00000000',NULL,0,'102',NULL,NULL,NULL,NULL,NULL,NULL,0.00,0.00,0.00,'UN',0.000,NULL,1,'MANUFACTURED',1,'2026-04-24 20:44:40.975','2026-04-24 20:44:40.975'),(18,'Cordeiro de Sol','ENT018','COZINHA_DOM_JUAN',65.00,0.00,0.00,'00000000',NULL,0,'102',NULL,NULL,NULL,NULL,NULL,NULL,0.00,0.00,0.00,'UN',0.000,NULL,1,'MANUFACTURED',1,'2026-04-24 20:44:40.993','2026-04-24 20:44:40.993'),(19,'Entrecôte (Ribeye)','COR001','COZINHA_DOM_JUAN',119.00,0.00,0.00,'00000000',NULL,0,'102',NULL,NULL,NULL,NULL,NULL,NULL,0.00,0.00,0.00,'UN',0.000,NULL,1,'MANUFACTURED',2,'2026-04-24 20:44:41.013','2026-04-24 20:44:41.013'),(20,'Bife de Tira','COR002','COZINHA_DOM_JUAN',119.00,0.00,0.00,'00000000',NULL,0,'102',NULL,NULL,NULL,NULL,NULL,NULL,0.00,0.00,0.00,'UN',0.000,NULL,1,'MANUFACTURED',2,'2026-04-24 20:44:41.030','2026-04-24 20:44:41.030'),(21,'Picanha Angus','COR003','COZINHA_DOM_JUAN',139.00,0.00,0.00,'00000000',NULL,0,'102',NULL,NULL,NULL,NULL,NULL,NULL,0.00,0.00,0.00,'UN',0.000,NULL,1,'MANUFACTURED',2,'2026-04-24 20:44:41.050','2026-04-24 20:44:41.050'),(22,'Picanha Nelore','COR004','COZINHA_DOM_JUAN',110.00,0.00,0.00,'00000000',NULL,0,'102',NULL,NULL,NULL,NULL,NULL,NULL,0.00,0.00,0.00,'UN',0.000,NULL,0,'MANUFACTURED',2,'2026-04-24 20:44:41.068','2026-04-25 21:04:55.079'),(23,'Maminha com Fonduta de Queijos','COR005','COZINHA_DOM_JUAN',110.00,0.00,0.00,'00000000',NULL,0,'102',NULL,NULL,NULL,NULL,NULL,NULL,0.00,0.00,0.00,'UN',0.000,NULL,1,'MANUFACTURED',2,'2026-04-24 20:44:41.086','2026-04-24 20:44:41.086'),(24,'Baby Beef','COR006','COZINHA_DOM_JUAN',105.00,0.00,0.00,'00000000',NULL,0,'102',NULL,NULL,NULL,NULL,NULL,NULL,0.00,0.00,0.00,'UN',0.000,NULL,1,'MANUFACTURED',2,'2026-04-24 20:44:41.107','2026-04-24 20:44:41.107'),(25,'Mignon ao Blue Cheese','COR007','COZINHA_DOM_JUAN',110.00,0.00,0.00,'00000000',NULL,0,'102',NULL,NULL,NULL,NULL,NULL,NULL,0.00,0.00,0.00,'UN',0.000,NULL,1,'MANUFACTURED',2,'2026-04-24 20:44:41.129','2026-04-24 20:44:41.129'),(26,'Fraldinha Fugazzetta Black Angus','COR008','COZINHA_DOM_JUAN',109.00,0.00,0.00,'00000000',NULL,0,'102',NULL,NULL,NULL,NULL,NULL,NULL,0.00,0.00,0.00,'UN',0.000,NULL,1,'MANUFACTURED',2,'2026-04-24 20:44:41.147','2026-04-24 20:44:41.147'),(27,'Carré de Cordeiro','ESP001','COZINHA_DOM_JUAN',150.00,0.00,0.00,'00000000',NULL,0,'102',NULL,NULL,NULL,NULL,NULL,NULL,0.00,0.00,0.00,'UN',0.000,NULL,1,'MANUFACTURED',3,'2026-04-24 20:44:41.166','2026-04-24 20:44:41.166'),(28,'Pork Ribs','ESP002','COZINHA_DOM_JUAN',98.00,0.00,0.00,'00000000',NULL,0,'102',NULL,NULL,NULL,NULL,NULL,NULL,0.00,0.00,0.00,'UN',0.000,NULL,1,'MANUFACTURED',3,'2026-04-24 20:44:41.185','2026-04-24 20:44:41.185'),(29,'Entrecôte Suíno','ESP003','COZINHA_DOM_JUAN',75.00,0.00,0.00,'00000000',NULL,0,'102',NULL,NULL,NULL,NULL,NULL,NULL,0.00,0.00,0.00,'UN',0.000,NULL,1,'MANUFACTURED',3,'2026-04-24 20:44:41.203','2026-04-24 20:44:41.203'),(30,'Filé de Sobrecoxa','ESP004','COZINHA_DOM_JUAN',70.00,0.00,0.00,'00000000',NULL,0,'102',NULL,NULL,NULL,NULL,NULL,NULL,0.00,0.00,0.00,'UN',0.000,NULL,1,'MANUFACTURED',3,'2026-04-24 20:44:41.224','2026-04-24 20:44:41.224'),(31,'Filé alla Parmigiana - Frango','PAS001','COZINHA_DOM_JUAN',120.00,0.00,0.00,'00000000',NULL,0,'102',NULL,NULL,NULL,NULL,NULL,NULL,0.00,0.00,0.00,'UN',0.000,NULL,1,'MANUFACTURED',4,'2026-04-24 20:44:41.242','2026-04-24 20:44:41.242'),(32,'Filé alla Parmigiana - Mignon','PAS002','COZINHA_DOM_JUAN',150.00,0.00,0.00,'00000000',NULL,0,'102',NULL,NULL,NULL,NULL,NULL,NULL,0.00,0.00,0.00,'UN',0.000,NULL,1,'MANUFACTURED',4,'2026-04-24 20:44:41.260','2026-04-24 20:44:41.260'),(33,'Filé alla Parmigiana - Camarão','PAS003','COZINHA_DOM_JUAN',170.00,0.00,0.00,'00000000',NULL,0,'102',NULL,NULL,NULL,NULL,NULL,NULL,0.00,0.00,0.00,'UN',0.000,NULL,1,'MANUFACTURED',4,'2026-04-24 20:44:41.276','2026-04-24 20:44:41.276'),(34,'Camarão do Lago','PAS004','COZINHA_DOM_JUAN',170.00,0.00,0.00,'00000000',NULL,0,'102',NULL,NULL,NULL,NULL,NULL,NULL,0.00,0.00,0.00,'UN',0.000,NULL,1,'MANUFACTURED',4,'2026-04-24 20:44:41.291','2026-04-24 20:44:41.291'),(35,'Arroz Texano / Arroz de Cupim','GUA001','COZINHA_DOM_JUAN',40.00,0.00,0.00,'00000000',NULL,0,'102',NULL,NULL,NULL,NULL,NULL,NULL,0.00,0.00,0.00,'UN',0.000,NULL,1,'MANUFACTURED',5,'2026-04-24 20:44:41.309','2026-04-24 20:44:41.309'),(36,'Purê de Mandioca','GUA002','COZINHA_DOM_JUAN',15.00,0.00,0.00,'00000000',NULL,0,'102',NULL,NULL,NULL,NULL,NULL,NULL,0.00,0.00,0.00,'UN',0.000,NULL,1,'MANUFACTURED',5,'2026-04-24 20:44:41.324','2026-04-24 20:44:41.324'),(37,'Mandioca Cremosa','GUA003','COZINHA_DOM_JUAN',10.00,0.00,0.00,'00000000',NULL,0,'102',NULL,NULL,NULL,NULL,NULL,NULL,0.00,0.00,0.00,'UN',0.000,NULL,1,'MANUFACTURED',5,'2026-04-24 20:44:41.337','2026-04-24 20:44:41.337'),(38,'Farofa de Ovos','GUA004','COZINHA_DOM_JUAN',15.00,0.00,0.00,'00000000',NULL,0,'102',NULL,NULL,NULL,NULL,NULL,NULL,0.00,0.00,0.00,'UN',0.000,NULL,1,'MANUFACTURED',5,'2026-04-24 20:44:41.353','2026-04-24 20:44:41.353'),(39,'Farofa Crocante da Chef','GUA005','COZINHA_DOM_JUAN',10.00,0.00,0.00,'00000000',NULL,0,'102',NULL,NULL,NULL,NULL,NULL,NULL,0.00,0.00,0.00,'UN',0.000,NULL,1,'MANUFACTURED',5,'2026-04-24 20:44:41.369','2026-04-24 20:44:41.369'),(40,'Vinagrete Dom Juan','GUA006','COZINHA_DOM_JUAN',10.00,0.00,0.00,'00000000',NULL,0,'102',NULL,NULL,NULL,NULL,NULL,NULL,0.00,0.00,0.00,'UN',0.000,NULL,1,'MANUFACTURED',5,'2026-04-24 20:44:41.387','2026-04-24 20:44:41.387'),(41,'Vinagrete de Milho','GUA007','COZINHA_DOM_JUAN',10.00,0.00,0.00,'00000000',NULL,0,'102',NULL,NULL,NULL,NULL,NULL,NULL,0.00,0.00,0.00,'UN',0.000,NULL,1,'MANUFACTURED',5,'2026-04-24 20:44:41.405','2026-04-24 20:44:41.405'),(42,'Arroz Branco','GUA008','COZINHA_DOM_JUAN',10.00,0.00,0.00,'00000000',NULL,0,'102',NULL,NULL,NULL,NULL,NULL,NULL,0.00,0.00,0.00,'UN',0.000,NULL,1,'MANUFACTURED',5,'2026-04-24 20:44:41.423','2026-04-24 20:44:41.423'),(43,'Creme de Milho','GUA009','COZINHA_DOM_JUAN',15.00,0.00,0.00,'00000000',NULL,0,'102',NULL,NULL,NULL,NULL,NULL,NULL,0.00,0.00,0.00,'UN',0.000,NULL,1,'MANUFACTURED',5,'2026-04-24 20:44:41.441','2026-04-24 20:44:41.441'),(44,'Sandwich Mignon','SAN001','COZINHA_DOM_JUAN',35.00,0.00,0.00,'00000000',NULL,0,'102',NULL,NULL,NULL,NULL,NULL,NULL,0.00,0.00,0.00,'UN',0.000,NULL,1,'MANUFACTURED',6,'2026-04-24 20:44:41.460','2026-04-24 20:44:41.460'),(45,'Burger Dom Juan','SAN002','COZINHA_DOM_JUAN',35.00,0.00,0.00,'00000000',NULL,0,'102',NULL,NULL,NULL,NULL,NULL,NULL,0.00,0.00,0.00,'UN',0.000,NULL,1,'MANUFACTURED',6,'2026-04-24 20:44:41.480','2026-04-24 20:44:41.480'),(46,'Crispy Chicken','SAN003','COZINHA_DOM_JUAN',32.00,0.00,0.00,'00000000',NULL,0,'102',NULL,NULL,NULL,NULL,NULL,NULL,0.00,0.00,0.00,'UN',0.000,NULL,1,'MANUFACTURED',6,'2026-04-24 20:44:41.501','2026-04-24 20:44:41.501'),(47,'Brisket Sandwich','SAN004','COZINHA_DOM_JUAN',32.00,0.00,0.00,'00000000',NULL,0,'102',NULL,NULL,NULL,NULL,NULL,NULL,0.00,0.00,0.00,'UN',0.000,NULL,1,'MANUFACTURED',6,'2026-04-24 20:44:41.520','2026-04-24 20:44:41.520'),(48,'Cupim Sandwich','SAN005','COZINHA_DOM_JUAN',34.00,0.00,0.00,'00000000',NULL,0,'102',NULL,NULL,NULL,NULL,NULL,NULL,0.00,0.00,0.00,'UN',0.000,NULL,1,'MANUFACTURED',6,'2026-04-24 20:44:41.536','2026-04-24 20:44:41.536'),(49,'Pink Gin','DRG001','BAR',32.00,0.00,0.00,'00000000',NULL,0,'102',NULL,NULL,NULL,NULL,NULL,NULL,0.00,0.00,0.00,'UN',0.000,NULL,1,'MANUFACTURED',7,'2026-04-24 20:44:41.552','2026-04-24 20:44:41.552'),(50,'Gin Melancia','DRG002','BAR',32.00,0.00,0.00,'00000000',NULL,0,'102',NULL,NULL,NULL,NULL,NULL,NULL,0.00,0.00,0.00,'UN',0.000,NULL,1,'MANUFACTURED',7,'2026-04-24 20:44:41.569','2026-04-24 20:44:41.569'),(51,'Gin Tropical','DRG003','BAR',32.00,0.00,0.00,'00000000',NULL,0,'102',NULL,NULL,NULL,NULL,NULL,NULL,0.00,0.00,0.00,'UN',0.000,NULL,1,'MANUFACTURED',7,'2026-04-24 20:44:41.586','2026-04-24 20:44:41.586'),(52,'Martini','DRG004','BAR',32.00,0.00,0.00,'00000000',NULL,0,'102',NULL,NULL,NULL,NULL,NULL,NULL,0.00,0.00,0.00,'UN',0.000,NULL,1,'MANUFACTURED',7,'2026-04-24 20:44:41.603','2026-04-24 20:44:41.603'),(53,'Mojito','DRG005','BAR',35.00,0.00,0.00,'00000000',NULL,0,'102',NULL,NULL,NULL,NULL,NULL,NULL,0.00,0.00,0.00,'UN',0.000,NULL,1,'MANUFACTURED',7,'2026-04-24 20:44:41.623','2026-04-25 22:01:29.572'),(54,'Daiquiri','DRG006','BAR',35.00,0.00,0.00,'00000000',NULL,0,'102',NULL,NULL,NULL,NULL,NULL,NULL,0.00,0.00,0.00,'UN',0.000,NULL,1,'MANUFACTURED',7,'2026-04-24 20:44:41.643','2026-04-24 20:44:41.643'),(55,'Piña Colada','DRG007','BAR',36.00,0.00,0.00,'00000000',NULL,0,'102',NULL,NULL,NULL,NULL,NULL,NULL,0.00,0.00,0.00,'UN',0.000,NULL,1,'MANUFACTURED',7,'2026-04-24 20:44:41.661','2026-04-24 20:44:41.661'),(56,'Negroni','DRG008','BAR',38.00,0.00,0.00,'00000000',NULL,0,'102',NULL,NULL,NULL,NULL,NULL,NULL,0.00,0.00,0.00,'UN',0.000,NULL,1,'MANUFACTURED',7,'2026-04-24 20:44:41.679','2026-04-24 20:44:41.679'),(57,'Moscow Mule','DRG009','BAR',36.00,0.00,0.00,'00000000',NULL,0,'102',NULL,NULL,NULL,NULL,NULL,NULL,0.00,0.00,0.00,'UN',0.000,NULL,1,'MANUFACTURED',7,'2026-04-24 20:44:41.697','2026-04-24 20:44:41.697'),(58,'Caipiroska','DRG010','BAR',25.00,0.00,0.00,'00000000',NULL,0,'102',NULL,NULL,NULL,NULL,NULL,NULL,0.00,0.00,0.00,'UN',0.000,NULL,1,'MANUFACTURED',7,'2026-04-24 20:44:41.715','2026-04-24 20:44:41.715'),(59,'Caipirinha','DRG011','BAR',18.00,0.00,0.00,'00000000',NULL,0,'102',NULL,NULL,NULL,NULL,NULL,NULL,0.00,0.00,0.00,'UN',0.000,NULL,1,'MANUFACTURED',7,'2026-04-24 20:44:41.731','2026-04-24 20:44:41.731'),(60,'Soda Italiana – Maçã Verde','DSA001','BAR',17.00,0.00,0.00,'00000000',NULL,0,'102',NULL,NULL,NULL,NULL,NULL,NULL,0.00,0.00,0.00,'UN',0.000,NULL,0,'MANUFACTURED',8,'2026-04-24 20:44:41.749','2026-04-25 20:38:56.613'),(61,'Soda Italiana – Tropical','DSA002','BAR',38.00,0.00,0.00,'00000000',NULL,0,'102',NULL,NULL,NULL,NULL,NULL,NULL,0.00,0.00,0.00,'UN',0.000,NULL,0,'MANUFACTURED',8,'2026-04-24 20:44:41.767','2026-04-25 20:39:02.055'),(62,'Soda Italiana – Amora','DSA003','BAR',0.00,0.00,0.00,'00000000',NULL,0,'102',NULL,NULL,NULL,NULL,NULL,NULL,0.00,0.00,0.00,'UN',0.000,NULL,0,'MANUFACTURED',8,'2026-04-24 20:44:41.784','2026-04-25 20:38:53.610'),(63,'Suco de Abacaxi','SUC001','BAR',14.00,0.00,0.00,'00000000',NULL,0,'102',NULL,NULL,NULL,NULL,NULL,NULL,0.00,0.00,0.00,'UN',0.000,NULL,1,'MANUFACTURED',9,'2026-04-24 20:44:41.802','2026-04-24 22:48:20.876'),(64,'Suco de Laranja','SUC002','BAR',14.00,0.00,0.00,'00000000',NULL,0,'102',NULL,NULL,NULL,NULL,NULL,NULL,0.00,0.00,0.00,'UN',0.000,NULL,1,'MANUFACTURED',9,'2026-04-24 20:44:41.819','2026-04-24 22:48:14.039'),(65,'Suco de Morango','SUC003','BAR',14.00,0.00,0.00,'00000000',NULL,0,'102',NULL,NULL,NULL,NULL,NULL,NULL,0.00,0.00,0.00,'UN',0.000,NULL,1,'MANUFACTURED',9,'2026-04-24 20:44:41.837','2026-04-24 20:44:41.837'),(66,'Suco de Graviola','SUC004','BAR',14.00,0.00,0.00,'00000000',NULL,0,'102',NULL,NULL,NULL,NULL,NULL,NULL,0.00,0.00,0.00,'UN',0.000,NULL,1,'MANUFACTURED',9,'2026-04-24 20:44:41.853','2026-04-24 20:44:41.853'),(67,'Coca-Cola Zero','BEB001','BAR',6.00,0.00,0.00,'00000000',NULL,0,'102',NULL,NULL,NULL,NULL,NULL,NULL,0.00,0.00,0.00,'UN',-33.000,NULL,1,'RESALE',10,'2026-04-24 20:44:41.870','2026-04-29 01:00:17.447'),(68,'Coca-Cola','BEB002','BAR',6.00,0.00,0.00,'00000000',NULL,0,'102',NULL,NULL,NULL,NULL,NULL,NULL,0.00,0.00,0.00,'UN',-34.000,NULL,1,'RESALE',10,'2026-04-24 20:44:41.888','2026-04-29 01:20:35.800'),(69,'Guaraná Zero','BEB003','BAR',6.00,0.00,0.00,'00000000',NULL,0,'102',NULL,NULL,NULL,NULL,NULL,NULL,0.00,0.00,0.00,'UN',-13.000,NULL,1,'RESALE',10,'2026-04-24 20:44:41.904','2026-04-29 00:57:18.292'),(70,'Fanta Laranja','BEB004','BAR',6.00,0.00,0.00,'00000000',NULL,0,'102',NULL,NULL,NULL,NULL,NULL,NULL,0.00,0.00,0.00,'UN',-2.000,NULL,1,'RESALE',10,'2026-04-24 20:44:41.923','2026-04-29 00:36:14.175'),(71,'Red Bull Tradicional','BEB005','BAR',15.00,0.00,0.00,'00000000',NULL,0,'102',NULL,NULL,NULL,NULL,NULL,NULL,0.00,0.00,0.00,'UN',-5.000,NULL,1,'RESALE',10,'2026-04-24 20:44:41.941','2026-04-29 02:37:08.920'),(72,'Red Bull Sem Açúcar','BEB006','BAR',15.00,0.00,0.00,'00000000',NULL,0,'102',NULL,NULL,NULL,NULL,NULL,NULL,0.00,0.00,0.00,'UN',-2.000,NULL,1,'RESALE',10,'2026-04-24 20:44:41.957','2026-04-29 01:36:18.740'),(73,'Red Bull Tropical','BEB007','BAR',15.00,0.00,0.00,'00000000',NULL,0,'102',NULL,NULL,NULL,NULL,NULL,NULL,0.00,0.00,0.00,'UN',0.000,NULL,1,'RESALE',10,'2026-04-24 20:44:41.974','2026-04-24 20:44:41.974'),(74,'Red Bull Melancia','BEB008','BAR',15.00,0.00,0.00,'00000000',NULL,0,'102',NULL,NULL,NULL,NULL,NULL,NULL,0.00,0.00,0.00,'UN',-5.000,NULL,1,'RESALE',10,'2026-04-24 20:44:41.997','2026-04-29 02:34:05.599'),(75,'Água Tônica','BEB009','BAR',7.00,0.00,0.00,'00000000',NULL,0,'102',NULL,NULL,NULL,NULL,NULL,NULL,0.00,0.00,0.00,'UN',-1.000,NULL,1,'RESALE',10,'2026-04-24 20:44:42.014','2026-04-26 01:02:26.614'),(76,'Água Mineral','BEB010','BAR',6.00,0.00,0.00,'00000000',NULL,0,'102',NULL,NULL,NULL,NULL,NULL,NULL,0.00,0.00,0.00,'UN',-19.000,NULL,1,'RESALE',10,'2026-04-24 20:44:42.032','2026-04-26 23:44:02.439'),(77,'Água com Gás','BEB011','BAR',7.00,0.00,0.00,'00000000',NULL,0,'102',NULL,NULL,NULL,NULL,NULL,NULL,0.00,0.00,0.00,'UN',-49.000,NULL,1,'RESALE',10,'2026-04-24 20:44:42.049','2026-04-29 00:57:18.275'),(78,'Heineken Longneck','BEB012','BAR',12.00,0.00,0.00,'00000000',NULL,0,'102',NULL,NULL,NULL,NULL,NULL,NULL,0.00,0.00,0.00,'UN',-12.000,NULL,1,'RESALE',10,'2026-04-24 20:44:42.066','2026-04-28 23:25:03.038'),(79,'Heineken 600ml','BEB013','BAR',20.00,0.00,0.00,'00000000',NULL,0,'102',NULL,NULL,NULL,NULL,NULL,NULL,0.00,0.00,0.00,'UN',-23.000,NULL,1,'RESALE',10,'2026-04-24 20:44:42.084','2026-04-29 00:32:27.219'),(80,'Heineken Zero','BEB014','BAR',14.00,0.00,0.00,'00000000',NULL,0,'102',NULL,NULL,NULL,NULL,NULL,NULL,0.00,0.00,0.00,'UN',-3.000,NULL,1,'RESALE',10,'2026-04-24 20:44:42.101','2026-04-26 00:39:47.325'),(81,'Praya','BEB015','BAR',14.00,0.00,0.00,'00000000',NULL,0,'102',NULL,NULL,NULL,NULL,NULL,NULL,0.00,0.00,0.00,'UN',-7.000,NULL,1,'RESALE',10,'2026-04-24 20:44:42.119','2026-04-26 02:48:32.783'),(82,'Amstel 600ml','BEB016','BAR',14.00,0.00,0.00,'00000000',NULL,0,'102',NULL,NULL,NULL,NULL,NULL,NULL,0.00,0.00,0.00,'UN',-56.000,NULL,1,'RESALE',10,'2026-04-24 20:44:42.136','2026-04-29 00:43:29.535'),(83,'Sour','PROD-0083','BAR',43.00,0.00,0.00,'00000000','0000000',0,'102',NULL,NULL,NULL,NULL,NULL,NULL,NULL,NULL,NULL,'UN',10.000,NULL,1,'RESALE',NULL,'2026-04-24 20:58:39.140','2026-04-24 20:58:39.140'),(84,'Red','PROD-0084','BAR',43.00,0.00,0.00,'00000000','0000000',0,'102',NULL,NULL,NULL,NULL,NULL,NULL,NULL,NULL,NULL,'UN',8.000,NULL,1,'RESALE',NULL,'2026-04-24 20:59:04.884','2026-04-24 20:59:04.884'),(85,'GIN AÇAI','PROD-0085','BAR',32.00,0.00,0.00,'00000000','0000000',0,'102',NULL,NULL,NULL,NULL,NULL,NULL,NULL,NULL,NULL,'UN',0.000,NULL,1,'RESALE',7,'2026-04-24 22:37:19.973','2026-04-24 22:37:19.973'),(86,'GIN TONICA TROPICAL','PROD-0086','BAR',32.00,0.00,0.00,'00000000','0000000',0,'102',NULL,NULL,NULL,NULL,NULL,NULL,NULL,NULL,NULL,'UN',-2.000,NULL,1,'RESALE',7,'2026-04-24 22:45:35.572','2026-04-28 23:34:35.378'),(87,'SODA ITALIANA','PROD-0087','BAR',18.00,0.00,0.00,'00000000','0000000',0,'102',NULL,NULL,NULL,NULL,NULL,NULL,NULL,NULL,NULL,'UN',-5.000,NULL,1,'RESALE',10,'2026-04-24 22:47:25.799','2026-04-29 00:57:18.281'),(88,'SHOT DE LIMAO','PROD-0088','BAR',3.00,0.00,0.00,'00000000','0000000',0,'102',NULL,NULL,NULL,NULL,NULL,NULL,NULL,NULL,NULL,'UN',-3.000,NULL,1,'RESALE',10,'2026-04-24 22:49:19.038','2026-04-29 00:57:18.298'),(89,'GIN TONICA MAÇA VERDE','PROD-00888','BAR',32.00,0.00,0.00,'00000000','0000000',0,'102',NULL,NULL,NULL,NULL,NULL,NULL,NULL,NULL,NULL,'UN',-1.000,NULL,1,'RESALE',7,'2026-04-24 22:49:23.035','2026-04-25 23:42:26.722'),(90,'Penicillin','PROD-0090','BAR',38.00,0.00,0.00,'00000000','0000000',0,'102',NULL,NULL,NULL,NULL,NULL,NULL,NULL,NULL,NULL,'UN',10.000,NULL,1,'RESALE',11,'2026-04-24 22:51:02.475','2026-04-24 22:51:02.475'),(91,'GIN TONICA COM AMORA','PROD-0054','BAR',32.00,0.00,0.00,'00000000','0000000',0,'102',NULL,NULL,NULL,NULL,NULL,NULL,NULL,NULL,NULL,'UN',-1.000,NULL,1,'RESALE',7,'2026-04-24 22:51:58.089','2026-04-25 23:45:44.979'),(92,'Drink Autoral Com Whisky','PROD-0091','BAR',42.00,0.00,0.00,'00000000','0000000',0,'102',NULL,NULL,NULL,NULL,NULL,NULL,NULL,NULL,NULL,'UN',10.000,NULL,1,'RESALE',11,'2026-04-24 22:52:10.369','2026-04-24 22:52:10.369'),(93,'Whisky Old Par','PROD-0093','BAR',30.00,0.00,0.00,'00000000','0000000',0,'102',NULL,NULL,NULL,NULL,NULL,NULL,NULL,NULL,NULL,'UN',6.000,NULL,1,'RESALE',11,'2026-04-24 22:53:50.991','2026-04-25 18:01:12.062'),(94,'Whisky Buchannans','PROD-0094','BAR',35.00,0.00,0.00,'00000000','0000000',0,'102',NULL,NULL,NULL,NULL,NULL,NULL,NULL,NULL,NULL,'UN',-5.000,NULL,1,'RESALE',11,'2026-04-24 22:55:16.356','2026-04-26 03:38:46.996'),(95,'Whishk Red Label','PROD-0095','BAR',20.00,0.00,0.00,'00000000','0000000',0,'102',NULL,NULL,NULL,NULL,NULL,NULL,NULL,NULL,NULL,'UN',-29.000,NULL,1,'RESALE',11,'2026-04-24 22:55:46.628','2026-04-25 04:21:56.994'),(96,'DOSE ABSOLUT','PROD-0096','BAR',25.00,0.00,0.00,'00000000','0000000',0,'102',NULL,NULL,NULL,NULL,NULL,NULL,NULL,NULL,NULL,'UN',0.000,NULL,1,'RESALE',10,'2026-04-24 23:07:03.097','2026-04-25 01:55:28.098'),(97,'DOSE SMIRNOFF','PROD-0097','BAR',20.00,0.00,0.00,'00000000','0000000',0,'102',NULL,NULL,NULL,NULL,NULL,NULL,NULL,NULL,NULL,'UN',0.000,NULL,1,'RESALE',10,'2026-04-24 23:09:08.234','2026-04-24 23:09:08.234'),(98,'DOSE TANQUERAY','PROD-0098','BAR',25.00,0.00,0.00,'00000000','0000000',0,'102',NULL,NULL,NULL,NULL,NULL,NULL,NULL,NULL,NULL,'UN',0.000,NULL,1,'RESALE',NULL,'2026-04-24 23:12:28.278','2026-04-24 23:12:28.278'),(99,'DOSE  OLD PARR','PROD-0099','BAR',30.00,0.00,0.00,'00000000','0000000',0,'102',NULL,NULL,NULL,NULL,NULL,NULL,NULL,NULL,NULL,'UN',-2.000,NULL,1,'RESALE',10,'2026-04-24 23:19:08.992','2026-04-26 02:23:44.088'),(100,'CHOPP HEINEKEN','PROD-0100','BAR',18.00,0.00,0.00,'00000000','0000000',0,'102',NULL,NULL,NULL,NULL,NULL,NULL,NULL,NULL,NULL,'UN',-34.000,NULL,1,'RESALE',10,'2026-04-24 23:36:09.562','2026-04-27 00:30:52.188'),(101,'agua de coco','PROD-0101','BAR',12.00,0.00,0.00,'00000000','0000000',0,'102',NULL,NULL,NULL,NULL,NULL,NULL,NULL,NULL,NULL,'UN',-8.000,NULL,1,'RESALE',NULL,'2026-04-25 00:04:02.781','2026-04-26 23:15:03.888'),(102,'campari','PROD-0102','BAR',15.00,0.00,0.00,'00000000','0000000',0,'102',NULL,NULL,NULL,NULL,NULL,NULL,NULL,NULL,NULL,'UN',7.000,NULL,1,'RESALE',10,'2026-04-25 02:33:42.234','2026-04-25 02:37:11.145'),(103,'Cachaça','PROD-0103','BAR',10.00,0.00,0.00,'00000000','0000000',0,'102',NULL,NULL,NULL,NULL,NULL,NULL,NULL,NULL,NULL,'UN',0.000,NULL,1,'RESALE',10,'2026-04-25 17:48:19.811','2026-04-25 17:48:19.811'),(104,'Tequila','PROD-0104','BAR',25.00,0.00,0.00,'00000000','0000000',0,'102',NULL,NULL,NULL,NULL,NULL,NULL,NULL,NULL,NULL,'UN',0.000,NULL,1,'RESALE',10,'2026-04-25 17:49:54.517','2026-04-25 17:49:54.517'),(105,'Licor 43','PROD-0105','BAR',25.00,0.00,0.00,'00000000','0000000',0,'102',NULL,NULL,NULL,NULL,NULL,NULL,NULL,NULL,NULL,'UN',0.000,NULL,1,'RESALE',10,'2026-04-25 17:51:04.037','2026-04-25 17:53:29.112'),(106,'Vodka Absolut','PROD-0106','BAR',28.00,0.00,0.00,'00000000','0000000',0,'102',NULL,NULL,NULL,NULL,NULL,NULL,NULL,NULL,NULL,'UN',-1.000,NULL,1,'RESALE',10,'2026-04-25 17:58:15.576','2026-04-29 01:33:43.809'),(107,'Vodka Smirnoff','PROD-0107','BAR',18.00,0.00,0.00,'00000000','0000000',0,'102',NULL,NULL,NULL,NULL,NULL,NULL,NULL,NULL,NULL,'UN',0.000,NULL,1,'RESALE',10,'2026-04-25 17:58:50.202','2026-04-25 17:58:50.202'),(108,'Gin Tanqueray','PROD-0108','BAR',25.00,0.00,0.00,'00000000','0000000',0,'102',NULL,NULL,NULL,NULL,NULL,NULL,NULL,NULL,NULL,'UN',0.000,NULL,1,'RESALE',10,'2026-04-25 17:59:37.832','2026-04-25 17:59:37.832'),(109,'Gin Bombay','PROD-0109','BAR',25.00,0.00,0.00,'00000000','0000000',0,'102',NULL,NULL,NULL,NULL,NULL,NULL,NULL,NULL,NULL,'UN',0.000,NULL,1,'RESALE',10,'2026-04-25 18:00:16.484','2026-04-25 18:00:16.484'),(110,'Whisky Red Label','PROD-0110','BAR',25.00,0.00,0.00,'00000000','0000000',0,'102',NULL,NULL,NULL,NULL,NULL,NULL,NULL,NULL,NULL,'UN',0.000,NULL,1,'RESALE',10,'2026-04-25 18:02:14.555','2026-04-25 18:02:14.555'),(111,'Garrafa Red Label','PROD-0111','BAR',250.00,0.00,0.00,'00000000','0000000',0,'102',NULL,NULL,NULL,NULL,NULL,NULL,NULL,NULL,NULL,'UN',0.000,NULL,1,'RESALE',10,'2026-04-25 18:02:54.047','2026-04-25 18:02:54.047'),(112,'Garrafa Old Parr 1L','PROD-0112','BAR',380.00,0.00,0.00,'00000000','0000000',0,'102',NULL,NULL,NULL,NULL,NULL,NULL,NULL,NULL,NULL,'UN',-1.000,NULL,1,'RESALE',10,'2026-04-25 18:03:33.191','2026-04-26 01:22:46.654'),(113,'Garrafa Absolut 1L','PROD-0113','BAR',280.00,0.00,0.00,'00000000','0000000',0,'102',NULL,NULL,NULL,NULL,NULL,NULL,NULL,NULL,NULL,'UN',0.000,NULL,1,'RESALE',NULL,'2026-04-25 18:04:00.358','2026-04-25 18:04:00.358'),(114,'Garrafa Buchanan’s 1L','PROD-0114','BAR',420.00,0.00,0.00,'00000000','0000000',0,'102',NULL,NULL,NULL,NULL,NULL,NULL,NULL,NULL,NULL,'UN',0.000,NULL,1,'RESALE',10,'2026-04-25 18:04:34.348','2026-04-25 18:04:34.348'),(115,'Vinho Tinto Esteban','PROD-0115','BAR',99.00,0.00,0.00,'00000000','0000000',0,'102',NULL,NULL,NULL,NULL,NULL,NULL,NULL,NULL,NULL,'UN',10.000,NULL,1,'RESALE',12,'2026-04-25 18:09:22.038','2026-04-26 23:34:38.629'),(116,'Vinho Tinto Toqui Merlot','PROD-0116','BAR',90.00,0.00,0.00,'00000000','0000000',0,'102',NULL,NULL,NULL,NULL,NULL,NULL,NULL,NULL,NULL,'UN',12.000,NULL,1,'RESALE',12,'2026-04-25 18:10:03.956','2026-04-25 18:17:31.714'),(117,'Vinho Tinto Tavedo','PROD-0117','BAR',120.00,0.00,0.00,'00000000','0000000',0,'102',NULL,NULL,NULL,NULL,NULL,NULL,NULL,NULL,NULL,'UN',12.000,NULL,1,'RESALE',12,'2026-04-25 18:10:47.643','2026-04-25 18:17:36.712'),(118,'Vinho Tinto Foye Gran Reserva','PROD-0118','BAR',150.00,0.00,0.00,'00000000','0000000',0,'102',NULL,NULL,NULL,NULL,NULL,NULL,NULL,NULL,NULL,'UN',11.000,NULL,1,'RESALE',12,'2026-04-25 18:11:11.897','2026-04-26 23:16:16.427'),(119,'Vinho Branco Toqui Sauvignon','PROD-0119','BAR',90.00,0.00,0.00,'00000000','0000000',0,'102',NULL,NULL,NULL,NULL,NULL,NULL,NULL,NULL,NULL,'UN',6.000,NULL,1,'RESALE',12,'2026-04-25 18:11:42.343','2026-04-25 18:11:42.343'),(120,'Vinho Branco Alfacinha','PROD-0120','BAR',90.00,0.00,0.00,'00000000','0000000',0,'102',NULL,NULL,NULL,NULL,NULL,NULL,NULL,NULL,NULL,'UN',5.000,NULL,1,'RESALE',12,'2026-04-25 18:12:28.940','2026-04-28 23:04:03.184'),(121,'Vinho Rosé Giaretta Frisante','PROD-0121','BAR',79.00,0.00,0.00,'00000000','0000000',0,'102',NULL,NULL,NULL,NULL,NULL,NULL,NULL,NULL,NULL,'UN',3.000,NULL,1,'RESALE',12,'2026-04-25 18:13:01.481','2026-04-26 00:37:26.402'),(122,'Vinho Rosé Toqui','PROD-0122','BAR',79.00,0.00,0.00,'00000000','0000000',0,'102',NULL,NULL,NULL,NULL,NULL,NULL,NULL,NULL,NULL,'UN',6.000,NULL,1,'RESALE',12,'2026-04-25 18:13:32.358','2026-04-25 18:13:32.358'),(123,'Espumante Undurraga Brut','PROD-0123','BAR',99.00,0.00,0.00,'00000000','0000000',0,'102',NULL,NULL,NULL,NULL,NULL,NULL,NULL,NULL,NULL,'UN',3.000,NULL,1,'RESALE',13,'2026-04-25 18:14:40.698','2026-04-25 18:14:40.698'),(124,'Espumante Giaretta Zero Álcool','PROD-0124','BAR',89.00,0.00,0.00,'00000000','0000000',0,'102',NULL,NULL,NULL,NULL,NULL,NULL,NULL,NULL,NULL,'UN',3.000,NULL,1,'RESALE',13,'2026-04-25 18:15:05.610','2026-04-25 18:15:05.610'),(125,'LIMONADA SUIÇA','PROD-0125',NULL,18.00,0.00,0.00,'00000000','0000000',0,'102',NULL,NULL,NULL,NULL,NULL,NULL,NULL,NULL,NULL,'UN',47.000,NULL,1,'RESALE',10,'2026-04-25 20:40:48.000','2026-04-29 00:57:18.286'),(126,'Taxa de Rolha','PROD-0126','BAR',70.00,0.00,0.00,'00000000','0000000',0,'102',NULL,NULL,NULL,NULL,NULL,NULL,NULL,NULL,NULL,'UN',10.000,NULL,1,'RESALE',12,'2026-04-25 23:40:33.464','2026-04-25 23:40:33.464'),(127,'Aperol Spritz ','PROD-0127','BAR',32.00,0.00,0.00,'00000000','0000000',0,'102',NULL,NULL,NULL,NULL,NULL,NULL,NULL,NULL,NULL,'UN',5.000,NULL,1,'RESALE',14,'2026-04-25 23:51:13.562','2026-04-26 23:43:44.933'),(128,'Bife Do Parrillero','PROD-0128','COZINHA_DOM_JUAN',119.00,0.00,0.00,'00000000','0000000',0,'102',NULL,NULL,NULL,NULL,NULL,NULL,NULL,NULL,NULL,'UN',8.000,NULL,1,'RESALE',2,'2026-04-26 01:51:57.934','2026-04-26 23:40:44.433');
/*!40000 ALTER TABLE `products` ENABLE KEYS */;
UNLOCK TABLES;

--
-- Table structure for table `sale_items`
--

DROP TABLE IF EXISTS `sale_items`;
/*!40101 SET @saved_cs_client     = @@character_set_client */;
/*!50503 SET character_set_client = utf8mb4 */;
CREATE TABLE `sale_items` (
  `id` int NOT NULL AUTO_INCREMENT,
  `item_number` int NOT NULL,
  `sale_id` int NOT NULL,
  `product_id` int NOT NULL,
  `x_prod` varchar(191) CHARACTER SET utf8mb4 COLLATE utf8mb4_unicode_ci DEFAULT NULL,
  `quantity` decimal(10,3) NOT NULL,
  `unit_price` decimal(10,2) NOT NULL,
  `total_price` decimal(10,2) NOT NULL,
  `tax_unit` varchar(191) CHARACTER SET utf8mb4 COLLATE utf8mb4_unicode_ci DEFAULT NULL,
  `tax_quantity` decimal(10,3) DEFAULT NULL,
  `tax_unit_price` decimal(10,2) DEFAULT NULL,
  `composes_total` int NOT NULL DEFAULT '1',
  `cfop` varchar(191) CHARACTER SET utf8mb4 COLLATE utf8mb4_unicode_ci DEFAULT NULL,
  `total_tax_value` decimal(10,2) DEFAULT NULL,
  `import_tax_value` decimal(10,2) DEFAULT '0.00',
  `iof_value` decimal(10,2) DEFAULT '0.00',
  `created_at` datetime(3) NOT NULL DEFAULT CURRENT_TIMESTAMP(3),
  `updated_at` datetime(3) NOT NULL,
  PRIMARY KEY (`id`),
  UNIQUE KEY `sale_items_sale_id_item_number_key` (`sale_id`,`item_number`),
  KEY `sale_items_sale_id_idx` (`sale_id`),
  KEY `sale_items_product_id_idx` (`product_id`),
  CONSTRAINT `sale_items_product_id_fkey` FOREIGN KEY (`product_id`) REFERENCES `products` (`id`) ON DELETE RESTRICT ON UPDATE CASCADE,
  CONSTRAINT `sale_items_sale_id_fkey` FOREIGN KEY (`sale_id`) REFERENCES `sales` (`id`) ON DELETE CASCADE ON UPDATE CASCADE
) ENGINE=InnoDB AUTO_INCREMENT=348 DEFAULT CHARSET=utf8mb4 COLLATE=utf8mb4_unicode_ci;
/*!40101 SET character_set_client = @saved_cs_client */;

--
-- Dumping data for table `sale_items`
--

LOCK TABLES `sale_items` WRITE;
/*!40000 ALTER TABLE `sale_items` DISABLE KEYS */;
INSERT INTO `sale_items` VALUES (1,1,1,42,'Arroz Branco',1.000,10.00,10.00,'UN',1.000,10.00,1,'5101',NULL,0.00,0.00,'2026-04-24 22:28:25.952','2026-04-24 22:28:25.952'),(2,2,1,59,'Caipirinha',1.000,18.00,18.00,'UN',1.000,18.00,1,'5101',NULL,0.00,0.00,'2026-04-24 22:28:25.952','2026-04-24 22:28:25.952'),(3,1,2,10,'Pão de Alho da Parrilla',1.000,21.00,21.00,'UN',1.000,21.00,1,'5101',NULL,0.00,0.00,'2026-04-25 00:22:28.333','2026-04-25 00:22:28.333'),(4,2,2,25,'Mignon ao Blue Cheese',1.000,110.00,110.00,'UN',1.000,110.00,1,'5101',NULL,0.00,0.00,'2026-04-25 00:22:28.333','2026-04-25 00:22:28.333'),(5,3,2,68,'Coca-Cola',1.000,6.00,6.00,'UN',1.000,6.00,1,'5102',NULL,0.00,0.00,'2026-04-25 00:22:28.333','2026-04-25 00:22:28.333'),(10,1,4,82,'Amstel 600ml',3.000,14.00,42.00,'UN',3.000,14.00,1,'5102',NULL,0.00,0.00,'2026-04-25 01:42:53.480','2026-04-25 01:42:53.480'),(11,2,4,44,'Sandwich Mignon',2.000,35.00,70.00,'UN',2.000,35.00,1,'5101',NULL,0.00,0.00,'2026-04-25 01:42:53.480','2026-04-25 01:42:53.480'),(18,1,6,69,'Guaraná Zero',1.000,6.00,6.00,'UN',1.000,6.00,1,'5102',NULL,0.00,0.00,'2026-04-25 02:39:07.090','2026-04-25 02:39:07.090'),(19,2,6,68,'Coca-Cola',1.000,6.00,6.00,'UN',1.000,6.00,1,'5102',NULL,0.00,0.00,'2026-04-25 02:39:07.090','2026-04-25 02:39:07.090'),(20,3,6,82,'Amstel 600ml',1.000,14.00,14.00,'UN',1.000,14.00,1,'5102',NULL,0.00,0.00,'2026-04-25 02:39:07.090','2026-04-25 02:39:07.090'),(21,1,7,102,'campari',2.000,15.00,30.00,'UN',2.000,15.00,1,'5102',NULL,0.00,0.00,'2026-04-25 02:44:43.839','2026-04-25 02:44:43.839'),(22,1,8,99,'DOSE  OLD PARR',5.000,30.00,150.00,'UN',5.000,30.00,1,'5102',NULL,0.00,0.00,'2026-04-25 02:51:21.225','2026-04-25 02:51:21.225'),(23,2,8,77,'Água com Gás',2.000,7.00,14.00,'UN',2.000,7.00,1,'5102',NULL,0.00,0.00,'2026-04-25 02:51:21.225','2026-04-25 02:51:21.225'),(24,3,8,14,'Bolinho de Rabada',1.000,40.00,40.00,'UN',1.000,40.00,1,'5101',NULL,0.00,0.00,'2026-04-25 02:51:21.225','2026-04-25 02:51:21.225'),(25,4,8,25,'Mignon ao Blue Cheese',1.000,110.00,110.00,'UN',1.000,110.00,1,'5101',NULL,0.00,0.00,'2026-04-25 02:51:21.225','2026-04-25 02:51:21.225'),(26,5,8,100,'CHOPP DE HEINEKEN',3.000,25.00,75.00,'UN',3.000,25.00,1,'5102',NULL,0.00,0.00,'2026-04-25 02:51:21.225','2026-04-25 02:51:21.225'),(27,6,8,20,'Bife de Tira',1.000,119.00,119.00,'UN',1.000,119.00,1,'5101',NULL,0.00,0.00,'2026-04-25 02:51:21.225','2026-04-25 02:51:21.225'),(28,7,8,101,'agua de coco',1.000,9.00,9.00,'UN',1.000,9.00,1,'5102',NULL,0.00,0.00,'2026-04-25 02:51:21.225','2026-04-25 02:51:21.225'),(33,1,10,13,'Bolinho de Cupim',1.000,36.00,36.00,'UN',1.000,36.00,1,'5101',NULL,0.00,0.00,'2026-04-25 02:59:47.187','2026-04-25 02:59:47.187'),(34,2,10,59,'Caipirinha',2.000,18.00,36.00,'UN',2.000,18.00,1,'5101',NULL,0.00,0.00,'2026-04-25 02:59:47.187','2026-04-25 02:59:47.187'),(35,3,10,63,'Suco de Abacaxi',1.000,14.00,14.00,'UN',1.000,14.00,1,'5101',NULL,0.00,0.00,'2026-04-25 02:59:47.187','2026-04-25 02:59:47.187'),(44,1,12,99,'DOSE  OLD PARR',2.000,30.00,60.00,'UN',2.000,30.00,1,'5102',NULL,0.00,0.00,'2026-04-25 03:20:33.176','2026-04-25 03:20:33.176'),(45,2,12,77,'Água com Gás',1.000,7.00,7.00,'UN',1.000,7.00,1,'5102',NULL,0.00,0.00,'2026-04-25 03:20:33.176','2026-04-25 03:20:33.176'),(46,3,12,15,'Mignon alla Vodka',1.000,70.00,70.00,'UN',1.000,70.00,1,'5101',NULL,0.00,0.00,'2026-04-25 03:20:33.176','2026-04-25 03:20:33.176'),(47,4,12,59,'Caipirinha',1.000,18.00,18.00,'UN',1.000,18.00,1,'5101',NULL,0.00,0.00,'2026-04-25 03:20:33.176','2026-04-25 03:20:33.176'),(51,1,14,81,'Praya',4.000,14.00,56.00,'UN',4.000,14.00,1,'5102',NULL,0.00,0.00,'2026-04-25 03:26:35.233','2026-04-25 03:26:35.233'),(52,2,14,13,'Bolinho de Cupim',1.000,36.00,36.00,'UN',1.000,36.00,1,'5101',NULL,0.00,0.00,'2026-04-25 03:26:35.233','2026-04-25 03:26:35.233'),(53,3,14,24,'Baby Beef',1.000,105.00,105.00,'UN',1.000,105.00,1,'5101',NULL,0.00,0.00,'2026-04-25 03:26:35.233','2026-04-25 03:26:35.233'),(54,4,14,69,'Guaraná Zero',1.000,6.00,6.00,'UN',1.000,6.00,1,'5102',NULL,0.00,0.00,'2026-04-25 03:26:35.233','2026-04-25 03:26:35.233'),(55,1,15,8,'Carne de Sol',1.000,60.00,60.00,'UN',1.000,60.00,1,'5101',NULL,0.00,0.00,'2026-04-25 03:28:54.310','2026-04-25 03:28:54.310'),(56,2,15,87,'SODA ITALIANA',2.000,17.00,34.00,'UN',2.000,17.00,1,'5102',NULL,0.00,0.00,'2026-04-25 03:28:54.310','2026-04-25 03:28:54.310'),(57,3,15,13,'Bolinho de Cupim',1.000,36.00,36.00,'UN',1.000,36.00,1,'5101',NULL,0.00,0.00,'2026-04-25 03:28:54.310','2026-04-25 03:28:54.310'),(58,1,16,82,'Amstel 600ml',1.000,14.00,14.00,'UN',1.000,14.00,1,'5102',NULL,0.00,0.00,'2026-04-25 03:35:10.631','2026-04-25 03:35:10.631'),(59,2,16,78,'Heineken Longneck',1.000,12.00,12.00,'UN',1.000,12.00,1,'5102',NULL,0.00,0.00,'2026-04-25 03:35:10.631','2026-04-25 03:35:10.631'),(60,3,16,30,'Filé de Sobrecoxa',1.000,70.00,70.00,'UN',1.000,70.00,1,'5101',NULL,0.00,0.00,'2026-04-25 03:35:10.631','2026-04-25 03:35:10.631'),(61,4,16,77,'Água com Gás',2.000,7.00,14.00,'UN',2.000,7.00,1,'5102',NULL,0.00,0.00,'2026-04-25 03:35:10.631','2026-04-25 03:35:10.631'),(68,1,18,13,'Bolinho de Cupim',1.000,36.00,36.00,'UN',1.000,36.00,1,'5101',NULL,0.00,0.00,'2026-04-25 03:42:40.343','2026-04-25 03:42:40.343'),(69,2,18,87,'SODA ITALIANA',2.000,17.00,34.00,'UN',2.000,17.00,1,'5102',NULL,0.00,0.00,'2026-04-25 03:42:40.343','2026-04-25 03:42:40.343'),(77,1,20,48,'Cupim Sandwich',1.000,34.00,34.00,'UN',1.000,34.00,1,'5101',NULL,0.00,0.00,'2026-04-25 04:04:15.515','2026-04-25 04:04:15.515'),(78,2,20,69,'Guaraná Zero',1.000,6.00,6.00,'UN',1.000,6.00,1,'5102',NULL,0.00,0.00,'2026-04-25 04:04:15.515','2026-04-25 04:04:15.515'),(79,3,20,16,'Fish & Chips',1.000,60.00,60.00,'UN',1.000,60.00,1,'5101',NULL,0.00,0.00,'2026-04-25 04:04:15.515','2026-04-25 04:04:15.515'),(80,4,20,68,'Coca-Cola',1.000,6.00,6.00,'UN',1.000,6.00,1,'5102',NULL,0.00,0.00,'2026-04-25 04:04:15.515','2026-04-25 04:04:15.515'),(81,1,21,51,'Gin Tropical',1.000,32.00,32.00,'UN',1.000,32.00,1,'5101',NULL,0.00,0.00,'2026-04-25 04:05:31.108','2026-04-25 04:05:31.108'),(82,2,21,79,'Heineken 600ml',1.000,20.00,20.00,'UN',1.000,20.00,1,'5102',NULL,0.00,0.00,'2026-04-25 04:05:31.108','2026-04-25 04:05:31.108'),(83,3,21,4,'Beef Tartare',1.000,55.00,55.00,'UN',1.000,55.00,1,'5101',NULL,0.00,0.00,'2026-04-25 04:05:31.108','2026-04-25 04:05:31.108'),(84,1,22,99,'DOSE  OLD PARR',2.000,30.00,60.00,'UN',2.000,30.00,1,'5102',NULL,0.00,0.00,'2026-04-25 04:08:46.394','2026-04-25 04:08:46.394'),(85,2,22,77,'Água com Gás',1.000,7.00,7.00,'UN',1.000,7.00,1,'5102',NULL,0.00,0.00,'2026-04-25 04:08:46.394','2026-04-25 04:08:46.394'),(86,3,22,15,'Mignon alla Vodka',1.000,70.00,70.00,'UN',1.000,70.00,1,'5101',NULL,0.00,0.00,'2026-04-25 04:08:46.394','2026-04-25 04:08:46.394'),(87,4,22,59,'Caipirinha',1.000,18.00,18.00,'UN',1.000,18.00,1,'5101',NULL,0.00,0.00,'2026-04-25 04:08:46.394','2026-04-25 04:08:46.394'),(88,1,23,17,'Camarão Fuego',2.000,89.00,178.00,'UN',2.000,89.00,1,'5101',NULL,0.00,0.00,'2026-04-25 17:13:43.175','2026-04-25 17:13:43.175'),(89,2,23,77,'Água com Gás',3.000,7.00,21.00,'UN',3.000,7.00,1,'5102',NULL,0.00,0.00,'2026-04-25 17:13:43.175','2026-04-25 17:13:43.175'),(90,3,23,95,'Whishk Red Label',19.000,20.00,380.00,'UN',19.000,20.00,1,'5102',NULL,0.00,0.00,'2026-04-25 17:13:43.175','2026-04-25 17:13:43.175'),(91,4,23,4,'Beef Tartare',1.000,55.00,55.00,'UN',1.000,55.00,1,'5101',NULL,0.00,0.00,'2026-04-25 17:13:43.175','2026-04-25 17:13:43.175'),(92,5,23,13,'Bolinho de Cupim',1.000,36.00,36.00,'UN',1.000,36.00,1,'5101',NULL,0.00,0.00,'2026-04-25 17:13:43.175','2026-04-25 17:13:43.175'),(93,6,23,101,'agua de coco',1.000,9.00,9.00,'UN',1.000,9.00,1,'5102',NULL,0.00,0.00,'2026-04-25 17:13:43.175','2026-04-25 17:13:43.175'),(94,7,23,76,'Água Mineral',2.000,6.00,12.00,'UN',2.000,6.00,1,'5102',NULL,0.00,0.00,'2026-04-25 17:13:43.175','2026-04-25 17:13:43.175'),(95,1,24,77,'Água com Gás',2.000,7.00,14.00,'UN',2.000,7.00,1,'5102',NULL,0.00,0.00,'2026-04-25 17:14:04.964','2026-04-25 17:14:04.964'),(96,2,24,95,'Whishk Red Label',20.000,20.00,400.00,'UN',20.000,20.00,1,'5102',NULL,0.00,0.00,'2026-04-25 17:14:04.964','2026-04-25 17:14:04.964'),(97,3,24,4,'Beef Tartare',1.000,55.00,55.00,'UN',1.000,55.00,1,'5101',NULL,0.00,0.00,'2026-04-25 17:14:04.964','2026-04-25 17:14:04.964'),(98,4,24,13,'Bolinho de Cupim',2.000,36.00,72.00,'UN',2.000,36.00,1,'5101',NULL,0.00,0.00,'2026-04-25 17:14:04.964','2026-04-25 17:14:04.964'),(99,5,24,101,'agua de coco',1.000,9.00,9.00,'UN',1.000,9.00,1,'5102',NULL,0.00,0.00,'2026-04-25 17:14:04.964','2026-04-25 17:14:04.964'),(100,6,24,17,'Camarão Fuego',3.000,89.00,267.00,'UN',3.000,89.00,1,'5101',NULL,0.00,0.00,'2026-04-25 17:14:04.964','2026-04-25 17:14:04.964'),(101,7,24,76,'Água Mineral',1.000,6.00,6.00,'UN',1.000,6.00,1,'5102',NULL,0.00,0.00,'2026-04-25 17:14:04.964','2026-04-25 17:14:04.964'),(102,1,25,88,'SHOT DE LIMAO',1.000,3.00,3.00,'UN',1.000,3.00,1,'5102',NULL,0.00,0.00,'2026-04-25 17:15:30.515','2026-04-25 17:15:30.515'),(105,1,27,79,'Heineken 600ml',2.000,20.00,40.00,'UN',2.000,20.00,1,'5102',NULL,0.00,0.00,'2026-04-26 00:04:34.368','2026-04-26 00:04:34.368'),(106,2,27,14,'Bolinho de Rabada',1.000,40.00,40.00,'UN',1.000,40.00,1,'5101',NULL,0.00,0.00,'2026-04-26 00:04:34.368','2026-04-26 00:04:34.368'),(107,3,27,18,'Cordeiro de Sol',1.000,65.00,65.00,'UN',1.000,65.00,1,'5101',NULL,0.00,0.00,'2026-04-26 00:04:34.368','2026-04-26 00:04:34.368'),(108,1,28,24,'Baby Beef',1.000,105.00,105.00,'UN',1.000,105.00,1,'5101',NULL,0.00,0.00,'2026-04-26 00:14:07.956','2026-04-26 00:14:07.956'),(109,2,28,15,'Mignon alla Vodka',1.000,70.00,70.00,'UN',1.000,70.00,1,'5101',NULL,0.00,0.00,'2026-04-26 00:14:07.956','2026-04-26 00:14:07.956'),(110,3,28,10,'Pão de Alho da Parrilla',1.000,21.00,21.00,'UN',1.000,21.00,1,'5101',NULL,0.00,0.00,'2026-04-26 00:14:07.956','2026-04-26 00:14:07.956'),(111,4,28,36,'Purê de Mandioca',1.000,15.00,15.00,'UN',1.000,15.00,1,'5101',NULL,0.00,0.00,'2026-04-26 00:14:07.956','2026-04-26 00:14:07.956'),(112,5,28,63,'Suco de Abacaxi',1.000,14.00,14.00,'UN',1.000,14.00,1,'5101',NULL,0.00,0.00,'2026-04-26 00:14:07.956','2026-04-26 00:14:07.956'),(113,6,28,65,'Suco de Morango',1.000,14.00,14.00,'UN',1.000,14.00,1,'5101',NULL,0.00,0.00,'2026-04-26 00:14:07.956','2026-04-26 00:14:07.956'),(114,1,29,77,'Água com Gás',1.000,7.00,7.00,'UN',1.000,7.00,1,'5102',NULL,0.00,0.00,'2026-04-26 00:51:42.256','2026-04-26 00:51:42.256'),(115,2,29,26,'Fraldinha Fugazzetta Black Angus',1.000,109.00,109.00,'UN',1.000,109.00,1,'5101',NULL,0.00,0.00,'2026-04-26 00:51:42.256','2026-04-26 00:51:42.256'),(116,3,29,101,'agua de coco',2.000,12.00,24.00,'UN',2.000,12.00,1,'5102',NULL,0.00,0.00,'2026-04-26 00:51:42.256','2026-04-26 00:51:42.256'),(117,4,29,65,'Suco de Morango',1.000,14.00,14.00,'UN',1.000,14.00,1,'5101',NULL,0.00,0.00,'2026-04-26 00:51:42.256','2026-04-26 00:51:42.256'),(118,5,29,58,'Caipiroska',1.000,25.00,25.00,'UN',1.000,25.00,1,'5101',NULL,0.00,0.00,'2026-04-26 00:51:42.256','2026-04-26 00:51:42.256'),(119,1,30,58,'Caipiroska',1.000,25.00,25.00,'UN',1.000,25.00,1,'5101',NULL,0.00,0.00,'2026-04-26 01:32:46.855','2026-04-26 01:32:46.855'),(120,2,30,65,'Suco de Morango',1.000,14.00,14.00,'UN',1.000,14.00,1,'5101',NULL,0.00,0.00,'2026-04-26 01:32:46.855','2026-04-26 01:32:46.855'),(121,3,30,14,'Bolinho de Rabada',1.000,40.00,40.00,'UN',1.000,40.00,1,'5101',NULL,0.00,0.00,'2026-04-26 01:32:46.855','2026-04-26 01:32:46.855'),(122,4,30,21,'Picanha Angus',1.000,139.00,139.00,'UN',1.000,139.00,1,'5101',NULL,0.00,0.00,'2026-04-26 01:32:46.855','2026-04-26 01:32:46.855'),(123,5,30,66,'Suco de Graviola',1.000,14.00,14.00,'UN',1.000,14.00,1,'5101',NULL,0.00,0.00,'2026-04-26 01:32:46.855','2026-04-26 01:32:46.855'),(124,1,31,65,'Suco de Morango',3.000,14.00,42.00,'UN',3.000,14.00,1,'5101',NULL,0.00,0.00,'2026-04-26 01:41:50.002','2026-04-26 01:41:50.002'),(125,2,31,14,'Bolinho de Rabada',1.000,40.00,40.00,'UN',1.000,40.00,1,'5101',NULL,0.00,0.00,'2026-04-26 01:41:50.002','2026-04-26 01:41:50.002'),(126,3,31,77,'Água com Gás',1.000,7.00,7.00,'UN',1.000,7.00,1,'5102',NULL,0.00,0.00,'2026-04-26 01:41:50.002','2026-04-26 01:41:50.002'),(127,4,31,100,'CHOPP HEINEKEN',3.000,18.00,54.00,'UN',3.000,18.00,1,'5102',NULL,0.00,0.00,'2026-04-26 01:41:50.002','2026-04-26 01:41:50.002'),(128,5,31,57,'Moscow Mule',4.000,36.00,144.00,'UN',4.000,36.00,1,'5101',NULL,0.00,0.00,'2026-04-26 01:41:50.002','2026-04-26 01:41:50.002'),(129,6,31,67,'Coca-Cola Zero',6.000,6.00,36.00,'UN',6.000,6.00,1,'5102',NULL,0.00,0.00,'2026-04-26 01:41:50.002','2026-04-26 01:41:50.002'),(130,7,31,89,'GIN TONICA MAÇA VERDE',1.000,32.00,32.00,'UN',1.000,32.00,1,'5102',NULL,0.00,0.00,'2026-04-26 01:41:50.002','2026-04-26 01:41:50.002'),(131,8,31,24,'Baby Beef',1.000,105.00,105.00,'UN',1.000,105.00,1,'5101',NULL,0.00,0.00,'2026-04-26 01:41:50.002','2026-04-26 01:41:50.002'),(132,9,31,13,'Bolinho de Cupim',1.000,36.00,36.00,'UN',1.000,36.00,1,'5101',NULL,0.00,0.00,'2026-04-26 01:41:50.002','2026-04-26 01:41:50.002'),(133,10,31,76,'Água Mineral',2.000,6.00,12.00,'UN',2.000,6.00,1,'5102',NULL,0.00,0.00,'2026-04-26 01:41:50.002','2026-04-26 01:41:50.002'),(134,11,31,25,'Mignon ao Blue Cheese',1.000,110.00,110.00,'UN',1.000,110.00,1,'5101',NULL,0.00,0.00,'2026-04-26 01:41:50.002','2026-04-26 01:41:50.002'),(135,12,31,40,'Vinagrete Dom Juan',1.000,10.00,10.00,'UN',1.000,10.00,1,'5101',NULL,0.00,0.00,'2026-04-26 01:41:50.002','2026-04-26 01:41:50.002'),(136,13,31,36,'Purê de Mandioca',1.000,15.00,15.00,'UN',1.000,15.00,1,'5101',NULL,0.00,0.00,'2026-04-26 01:41:50.002','2026-04-26 01:41:50.002'),(137,14,31,44,'Sandwich Mignon',1.000,35.00,35.00,'UN',1.000,35.00,1,'5101',NULL,0.00,0.00,'2026-04-26 01:41:50.002','2026-04-26 01:41:50.002'),(138,15,31,68,'Coca-Cola',3.000,6.00,18.00,'UN',3.000,6.00,1,'5102',NULL,0.00,0.00,'2026-04-26 01:41:50.002','2026-04-26 01:41:50.002'),(139,16,31,33,'Filé alla Parmigiana - Camarão',1.000,170.00,170.00,'UN',1.000,170.00,1,'5101',NULL,0.00,0.00,'2026-04-26 01:41:50.002','2026-04-26 01:41:50.002'),(145,1,33,80,'Heineken Zero',1.000,14.00,14.00,'UN',1.000,14.00,1,'5102',NULL,0.00,0.00,'2026-04-26 02:01:45.846','2026-04-26 02:01:45.846'),(146,2,33,127,'Aperol Spritz ',1.000,32.00,32.00,'UN',1.000,32.00,1,'5102',NULL,0.00,0.00,'2026-04-26 02:01:45.846','2026-04-26 02:01:45.846'),(147,3,33,65,'Suco de Morango',2.000,14.00,28.00,'UN',2.000,14.00,1,'5101',NULL,0.00,0.00,'2026-04-26 02:01:45.846','2026-04-26 02:01:45.846'),(148,4,33,13,'Bolinho de Cupim',1.000,36.00,36.00,'UN',1.000,36.00,1,'5101',NULL,0.00,0.00,'2026-04-26 02:01:45.846','2026-04-26 02:01:45.846'),(149,5,33,32,'Filé alla Parmigiana - Mignon',1.000,150.00,150.00,'UN',1.000,150.00,1,'5101',NULL,0.00,0.00,'2026-04-26 02:01:45.846','2026-04-26 02:01:45.846'),(157,1,36,21,'Picanha Angus',1.000,139.00,139.00,'UN',1.000,139.00,1,'5101',NULL,0.00,0.00,'2026-04-26 02:23:15.634','2026-04-26 02:23:15.634'),(158,2,36,65,'Suco de Morango',1.000,14.00,14.00,'UN',1.000,14.00,1,'5101',NULL,0.00,0.00,'2026-04-26 02:23:15.634','2026-04-26 02:23:15.634'),(159,3,36,63,'Suco de Abacaxi',1.000,14.00,14.00,'UN',1.000,14.00,1,'5101',NULL,0.00,0.00,'2026-04-26 02:23:15.634','2026-04-26 02:23:15.634'),(160,4,36,68,'Coca-Cola',1.000,6.00,6.00,'UN',1.000,6.00,1,'5102',NULL,0.00,0.00,'2026-04-26 02:23:15.634','2026-04-26 02:23:15.634'),(161,1,37,127,'Aperol Spritz ',1.000,32.00,32.00,'UN',1.000,32.00,1,'5102',NULL,0.00,0.00,'2026-04-26 02:24:09.977','2026-04-26 02:24:09.977'),(162,2,37,13,'Bolinho de Cupim',1.000,36.00,36.00,'UN',1.000,36.00,1,'5101',NULL,0.00,0.00,'2026-04-26 02:24:09.977','2026-04-26 02:24:09.977'),(163,3,37,6,'Fritas Flambadas com Cheddar e Bacon',1.000,45.00,45.00,'UN',1.000,45.00,1,'5101',NULL,0.00,0.00,'2026-04-26 02:24:09.977','2026-04-26 02:24:09.977'),(164,4,37,65,'Suco de Morango',1.000,14.00,14.00,'UN',1.000,14.00,1,'5101',NULL,0.00,0.00,'2026-04-26 02:24:09.977','2026-04-26 02:24:09.977'),(165,1,38,100,'CHOPP HEINEKEN',1.000,18.00,18.00,'UN',1.000,18.00,1,'5102',NULL,0.00,0.00,'2026-04-26 02:24:55.174','2026-04-26 02:24:55.174'),(166,2,38,75,'Água Tônica',1.000,7.00,7.00,'UN',1.000,7.00,1,'5102',NULL,0.00,0.00,'2026-04-26 02:24:55.174','2026-04-26 02:24:55.174'),(167,3,38,24,'Baby Beef',1.000,105.00,105.00,'UN',1.000,105.00,1,'5101',NULL,0.00,0.00,'2026-04-26 02:24:55.174','2026-04-26 02:24:55.174'),(168,1,39,82,'Amstel 600ml',4.000,14.00,56.00,'UN',4.000,14.00,1,'5102',NULL,0.00,0.00,'2026-04-26 02:26:37.456','2026-04-26 02:26:37.456'),(169,2,39,67,'Coca-Cola Zero',1.000,6.00,6.00,'UN',1.000,6.00,1,'5102',NULL,0.00,0.00,'2026-04-26 02:26:37.456','2026-04-26 02:26:37.456'),(170,3,39,32,'Filé alla Parmigiana - Mignon',1.000,150.00,150.00,'UN',1.000,150.00,1,'5101',NULL,0.00,0.00,'2026-04-26 02:26:37.456','2026-04-26 02:26:37.456'),(171,1,40,121,'Vinho Rosé Giaretta Frisante',1.000,79.00,79.00,'UN',1.000,79.00,1,'5102',NULL,0.00,0.00,'2026-04-26 02:27:24.479','2026-04-26 02:27:24.479'),(172,2,40,77,'Água com Gás',1.000,7.00,7.00,'UN',1.000,7.00,1,'5102',NULL,0.00,0.00,'2026-04-26 02:27:24.479','2026-04-26 02:27:24.479'),(173,3,40,4,'Beef Tartare',1.000,55.00,55.00,'UN',1.000,55.00,1,'5101',NULL,0.00,0.00,'2026-04-26 02:27:24.479','2026-04-26 02:27:24.479'),(174,4,40,26,'Fraldinha Fugazzetta Black Angus',1.000,109.00,109.00,'UN',1.000,109.00,1,'5101',NULL,0.00,0.00,'2026-04-26 02:27:24.479','2026-04-26 02:27:24.479'),(175,1,41,79,'Heineken 600ml',3.000,20.00,60.00,'UN',3.000,20.00,1,'5102',NULL,0.00,0.00,'2026-04-26 02:30:58.969','2026-04-26 02:30:58.969'),(176,1,42,68,'Coca-Cola',2.000,6.00,12.00,'UN',2.000,6.00,1,'5102',NULL,0.00,0.00,'2026-04-26 02:41:27.871','2026-04-26 02:41:27.871'),(177,2,42,14,'Bolinho de Rabada',1.000,40.00,40.00,'UN',1.000,40.00,1,'5101',NULL,0.00,0.00,'2026-04-26 02:41:27.871','2026-04-26 02:41:27.871'),(178,1,43,100,'CHOPP HEINEKEN',18.000,18.00,324.00,'UN',18.000,18.00,1,'5102',NULL,0.00,0.00,'2026-04-26 03:04:53.688','2026-04-26 03:04:53.688'),(179,2,43,24,'Baby Beef',1.000,105.00,105.00,'UN',1.000,105.00,1,'5101',NULL,0.00,0.00,'2026-04-26 03:04:53.688','2026-04-26 03:04:53.688'),(180,3,43,9,'Queijo Coalho',1.000,32.00,32.00,'UN',1.000,32.00,1,'5101',NULL,0.00,0.00,'2026-04-26 03:04:53.688','2026-04-26 03:04:53.688'),(181,4,43,76,'Água Mineral',3.000,6.00,18.00,'UN',3.000,6.00,1,'5102',NULL,0.00,0.00,'2026-04-26 03:04:53.688','2026-04-26 03:04:53.688'),(182,1,44,79,'Heineken 600ml',5.000,20.00,100.00,'UN',5.000,20.00,1,'5102',NULL,0.00,0.00,'2026-04-26 03:07:09.304','2026-04-26 03:07:09.304'),(183,2,44,3,'Coxinha Dom Juan',1.000,38.00,38.00,'UN',1.000,38.00,1,'5101',NULL,0.00,0.00,'2026-04-26 03:07:09.304','2026-04-26 03:07:09.304'),(184,3,44,26,'Fraldinha Fugazzetta Black Angus',1.000,109.00,109.00,'UN',1.000,109.00,1,'5101',NULL,0.00,0.00,'2026-04-26 03:07:09.304','2026-04-26 03:07:09.304'),(185,4,44,51,'Gin Tropical',1.000,32.00,32.00,'UN',1.000,32.00,1,'5101',NULL,0.00,0.00,'2026-04-26 03:07:09.304','2026-04-26 03:07:09.304'),(187,1,46,32,'Filé alla Parmigiana - Mignon',2.000,150.00,300.00,'UN',2.000,150.00,1,'5101',NULL,0.00,0.00,'2026-04-26 03:13:02.254','2026-04-26 03:13:02.254'),(188,2,46,67,'Coca-Cola Zero',5.000,6.00,30.00,'UN',5.000,6.00,1,'5102',NULL,0.00,0.00,'2026-04-26 03:13:02.254','2026-04-26 03:13:02.254'),(189,3,46,13,'Bolinho de Cupim',1.000,36.00,36.00,'UN',1.000,36.00,1,'5101',NULL,0.00,0.00,'2026-04-26 03:13:02.254','2026-04-26 03:13:02.254'),(190,4,46,76,'Água Mineral',1.000,6.00,6.00,'UN',1.000,6.00,1,'5102',NULL,0.00,0.00,'2026-04-26 03:13:02.254','2026-04-26 03:13:02.254'),(191,1,47,100,'CHOPP HEINEKEN',4.000,18.00,72.00,'UN',4.000,18.00,1,'5102',NULL,0.00,0.00,'2026-04-26 03:18:42.258','2026-04-26 03:18:42.258'),(192,2,47,121,'Vinho Rosé Giaretta Frisante',1.000,79.00,79.00,'UN',1.000,79.00,1,'5102',NULL,0.00,0.00,'2026-04-26 03:18:42.258','2026-04-26 03:18:42.258'),(193,3,47,77,'Água com Gás',1.000,7.00,7.00,'UN',1.000,7.00,1,'5102',NULL,0.00,0.00,'2026-04-26 03:18:42.258','2026-04-26 03:18:42.258'),(194,4,47,14,'Bolinho de Rabada',1.000,40.00,40.00,'UN',1.000,40.00,1,'5101',NULL,0.00,0.00,'2026-04-26 03:18:42.258','2026-04-26 03:18:42.258'),(195,5,47,26,'Fraldinha Fugazzetta Black Angus',1.000,109.00,109.00,'UN',1.000,109.00,1,'5101',NULL,0.00,0.00,'2026-04-26 03:18:42.258','2026-04-26 03:18:42.258'),(213,1,49,79,'Heineken 600ml',1.000,20.00,20.00,'UN',1.000,20.00,1,'5102',NULL,0.00,0.00,'2026-04-26 04:31:19.430','2026-04-26 04:31:19.430'),(214,2,49,14,'Bolinho de Rabada',1.000,40.00,40.00,'UN',1.000,40.00,1,'5101',NULL,0.00,0.00,'2026-04-26 04:31:19.430','2026-04-26 04:31:19.430'),(215,3,49,82,'Amstel 600ml',1.000,14.00,14.00,'UN',1.000,14.00,1,'5102',NULL,0.00,0.00,'2026-04-26 04:31:19.430','2026-04-26 04:31:19.430'),(216,4,49,76,'Água Mineral',2.000,6.00,12.00,'UN',2.000,6.00,1,'5102',NULL,0.00,0.00,'2026-04-26 04:31:19.430','2026-04-26 04:31:19.430'),(217,5,49,112,'Garrafa Old Parr 1L',1.000,380.00,380.00,'UN',1.000,380.00,1,'5102',NULL,0.00,0.00,'2026-04-26 04:31:19.430','2026-04-26 04:31:19.430'),(218,6,49,128,'Bife Do Parrillero',1.000,119.00,119.00,'UN',1.000,119.00,1,'5102',NULL,0.00,0.00,'2026-04-26 04:31:19.430','2026-04-26 04:31:19.430'),(219,1,50,58,'Caipiroska',8.000,25.00,200.00,'UN',8.000,25.00,1,'5101',NULL,0.00,0.00,'2026-04-26 04:38:43.837','2026-04-26 04:38:43.837'),(220,2,50,101,'agua de coco',3.000,12.00,36.00,'UN',3.000,12.00,1,'5102',NULL,0.00,0.00,'2026-04-26 04:38:43.837','2026-04-26 04:38:43.837'),(221,3,50,99,'DOSE  OLD PARR',2.000,30.00,60.00,'UN',2.000,30.00,1,'5102',NULL,0.00,0.00,'2026-04-26 04:38:43.837','2026-04-26 04:38:43.837'),(222,4,50,48,'Cupim Sandwich',1.000,34.00,34.00,'UN',1.000,34.00,1,'5101',NULL,0.00,0.00,'2026-04-26 04:38:43.837','2026-04-26 04:38:43.837'),(223,5,50,94,'Whisky Buchannans',5.000,35.00,175.00,'UN',5.000,35.00,1,'5102',NULL,0.00,0.00,'2026-04-26 04:38:43.837','2026-04-26 04:38:43.837'),(224,6,50,51,'Gin Tropical',4.000,32.00,128.00,'UN',4.000,32.00,1,'5101',NULL,0.00,0.00,'2026-04-26 04:38:43.837','2026-04-26 04:38:43.837'),(225,7,50,27,'Carré de Cordeiro',1.000,150.00,150.00,'UN',1.000,150.00,1,'5101',NULL,0.00,0.00,'2026-04-26 04:38:43.837','2026-04-26 04:38:43.837'),(226,8,50,21,'Picanha Angus',1.000,139.00,139.00,'UN',1.000,139.00,1,'5101',NULL,0.00,0.00,'2026-04-26 04:38:43.837','2026-04-26 04:38:43.837'),(227,9,50,15,'Mignon alla Vodka',1.000,70.00,70.00,'UN',1.000,70.00,1,'5101',NULL,0.00,0.00,'2026-04-26 04:38:43.837','2026-04-26 04:38:43.837'),(228,10,50,50,'Gin Melancia',4.000,32.00,128.00,'UN',4.000,32.00,1,'5101',NULL,0.00,0.00,'2026-04-26 04:38:43.837','2026-04-26 04:38:43.837'),(232,1,52,46,'Crispy Chicken',1.000,32.00,32.00,'UN',1.000,32.00,1,'5101',NULL,0.00,0.00,'2026-04-26 14:57:09.687','2026-04-26 14:57:09.687'),(233,2,52,68,'Coca-Cola',1.000,6.00,6.00,'UN',1.000,6.00,1,'5102',NULL,0.00,0.00,'2026-04-26 14:57:09.687','2026-04-26 14:57:09.687'),(234,3,52,78,'Heineken Longneck',2.000,12.00,24.00,'UN',2.000,12.00,1,'5102',NULL,0.00,0.00,'2026-04-26 14:57:09.687','2026-04-26 14:57:09.687'),(235,1,53,68,'Coca-Cola',1.000,6.00,6.00,'UN',1.000,6.00,1,'5102',NULL,0.00,0.00,'2026-04-26 22:19:15.105','2026-04-26 22:19:15.105'),(236,1,54,101,'agua de coco',3.000,12.00,36.00,'UN',3.000,12.00,1,'5102',NULL,0.00,0.00,'2026-04-27 00:14:55.021','2026-04-27 00:14:55.021'),(237,2,54,3,'Coxinha Dom Juan',1.000,38.00,38.00,'UN',1.000,38.00,1,'5101',NULL,0.00,0.00,'2026-04-27 00:14:55.021','2026-04-27 00:14:55.021'),(238,3,54,77,'Água com Gás',2.000,7.00,14.00,'UN',2.000,7.00,1,'5102',NULL,0.00,0.00,'2026-04-27 00:14:55.021','2026-04-27 00:14:55.021'),(239,4,54,26,'Fraldinha Fugazzetta Black Angus',1.000,109.00,109.00,'UN',1.000,109.00,1,'5101',NULL,0.00,0.00,'2026-04-27 00:14:55.021','2026-04-27 00:14:55.021'),(240,5,54,30,'Filé de Sobrecoxa',1.000,70.00,70.00,'UN',1.000,70.00,1,'5101',NULL,0.00,0.00,'2026-04-27 00:14:55.021','2026-04-27 00:14:55.021'),(241,6,54,65,'Suco de Morango',1.000,14.00,14.00,'UN',1.000,14.00,1,'5101',NULL,0.00,0.00,'2026-04-27 00:14:55.021','2026-04-27 00:14:55.021'),(247,1,56,37,'Mandioca Cremosa',1.000,10.00,10.00,'UN',1.000,10.00,1,'5101',NULL,0.00,0.00,'2026-04-27 00:40:45.680','2026-04-27 00:40:45.680'),(248,2,56,39,'Farofa Crocante da Chef',1.000,10.00,10.00,'UN',1.000,10.00,1,'5101',NULL,0.00,0.00,'2026-04-27 00:40:45.680','2026-04-27 00:40:45.680'),(249,3,56,26,'Fraldinha Fugazzetta Black Angus',1.000,109.00,109.00,'UN',1.000,109.00,1,'5101',NULL,0.00,0.00,'2026-04-27 00:40:45.680','2026-04-27 00:40:45.680'),(250,4,56,11,'Linguiça Provoleta',1.000,58.00,58.00,'UN',1.000,58.00,1,'5101',NULL,0.00,0.00,'2026-04-27 00:40:45.680','2026-04-27 00:40:45.680'),(251,5,56,76,'Água Mineral',1.000,6.00,6.00,'UN',1.000,6.00,1,'5102',NULL,0.00,0.00,'2026-04-27 00:40:45.680','2026-04-27 00:40:45.680'),(252,6,56,67,'Coca-Cola Zero',3.000,6.00,18.00,'UN',3.000,6.00,1,'5102',NULL,0.00,0.00,'2026-04-27 00:40:45.680','2026-04-27 00:40:45.680'),(253,7,56,40,'Vinagrete Dom Juan',1.000,10.00,10.00,'UN',1.000,10.00,1,'5101',NULL,0.00,0.00,'2026-04-27 00:40:45.680','2026-04-27 00:40:45.680'),(254,8,56,12,'Gran Choripán',1.000,35.00,35.00,'UN',1.000,35.00,1,'5101',NULL,0.00,0.00,'2026-04-27 00:40:45.680','2026-04-27 00:40:45.680'),(255,1,57,87,'SODA ITALIANA',3.000,18.00,54.00,'UN',3.000,18.00,1,'5102',NULL,0.00,0.00,'2026-04-27 00:43:51.152','2026-04-27 00:43:51.152'),(256,2,57,7,'Fritas (Vegetariano)',1.000,35.00,35.00,'UN',1.000,35.00,1,'5101',NULL,0.00,0.00,'2026-04-27 00:43:51.152','2026-04-27 00:43:51.152'),(257,3,57,8,'Carne de Sol',1.000,60.00,60.00,'UN',1.000,60.00,1,'5101',NULL,0.00,0.00,'2026-04-27 00:43:51.152','2026-04-27 00:43:51.152'),(258,4,57,26,'Fraldinha Fugazzetta Black Angus',2.000,109.00,218.00,'UN',2.000,109.00,1,'5101',NULL,0.00,0.00,'2026-04-27 00:43:51.152','2026-04-27 00:43:51.152'),(259,5,57,67,'Coca-Cola Zero',1.000,6.00,6.00,'UN',1.000,6.00,1,'5102',NULL,0.00,0.00,'2026-04-27 00:43:51.152','2026-04-27 00:43:51.152'),(260,6,57,68,'Coca-Cola',4.000,6.00,24.00,'UN',4.000,6.00,1,'5102',NULL,0.00,0.00,'2026-04-27 00:43:51.152','2026-04-27 00:43:51.152'),(261,7,57,76,'Água Mineral',1.000,6.00,6.00,'UN',1.000,6.00,1,'5102',NULL,0.00,0.00,'2026-04-27 00:43:51.152','2026-04-27 00:43:51.152'),(262,1,58,27,'Carré de Cordeiro',1.000,150.00,150.00,'UN',1.000,150.00,1,'5101',NULL,0.00,0.00,'2026-04-27 00:48:54.844','2026-04-27 00:48:54.844'),(263,2,58,76,'Água Mineral',1.000,6.00,6.00,'UN',1.000,6.00,1,'5102',NULL,0.00,0.00,'2026-04-27 00:48:54.844','2026-04-27 00:48:54.844'),(264,3,58,118,'Vinho Tinto Foye Gran Reserva',1.000,150.00,150.00,'UN',1.000,150.00,1,'5102',NULL,0.00,0.00,'2026-04-27 00:48:54.844','2026-04-27 00:48:54.844'),(265,4,58,3,'Coxinha Dom Juan',1.000,38.00,38.00,'UN',1.000,38.00,1,'5101',NULL,0.00,0.00,'2026-04-27 00:48:54.844','2026-04-27 00:48:54.844'),(266,1,59,66,'Suco de Graviola',1.000,14.00,14.00,'UN',1.000,14.00,1,'5101',NULL,0.00,0.00,'2026-04-27 00:49:20.627','2026-04-27 00:49:20.627'),(267,2,59,65,'Suco de Morango',1.000,14.00,14.00,'UN',1.000,14.00,1,'5101',NULL,0.00,0.00,'2026-04-27 00:49:20.627','2026-04-27 00:49:20.627'),(268,3,59,35,'Arroz Texano / Arroz de Cupim',1.000,40.00,40.00,'UN',1.000,40.00,1,'5101',NULL,0.00,0.00,'2026-04-27 00:49:20.627','2026-04-27 00:49:20.627'),(269,4,59,21,'Picanha Angus',1.000,139.00,139.00,'UN',1.000,139.00,1,'5101',NULL,0.00,0.00,'2026-04-27 00:49:20.627','2026-04-27 00:49:20.627'),(270,1,60,69,'Guaraná Zero',1.000,6.00,6.00,'UN',1.000,6.00,1,'5102',NULL,0.00,0.00,'2026-04-27 02:12:21.327','2026-04-27 02:12:21.327'),(271,2,60,26,'Fraldinha Fugazzetta Black Angus',1.000,109.00,109.00,'UN',1.000,109.00,1,'5101',NULL,0.00,0.00,'2026-04-27 02:12:21.327','2026-04-27 02:12:21.327'),(284,1,63,115,'Vinho Tinto Esteban',1.000,99.00,99.00,'UN',1.000,99.00,1,'5102',NULL,0.00,0.00,'2026-04-27 02:21:29.403','2026-04-27 02:21:29.403'),(285,2,63,77,'Água com Gás',2.000,7.00,14.00,'UN',2.000,7.00,1,'5102',NULL,0.00,0.00,'2026-04-27 02:21:29.403','2026-04-27 02:21:29.403'),(286,3,63,14,'Bolinho de Rabada',1.000,40.00,40.00,'UN',1.000,40.00,1,'5101',NULL,0.00,0.00,'2026-04-27 02:21:29.403','2026-04-27 02:21:29.403'),(287,1,64,21,'Picanha Angus',1.000,139.00,139.00,'UN',1.000,139.00,1,'5101',NULL,0.00,0.00,'2026-04-27 02:24:28.989','2026-04-27 02:24:28.989'),(288,2,64,10,'Pão de Alho da Parrilla',1.000,21.00,21.00,'UN',1.000,21.00,1,'5101',NULL,0.00,0.00,'2026-04-27 02:24:28.989','2026-04-27 02:24:28.989'),(289,3,64,4,'Beef Tartare',1.000,55.00,55.00,'UN',1.000,55.00,1,'5101',NULL,0.00,0.00,'2026-04-27 02:24:28.989','2026-04-27 02:24:28.989'),(302,1,68,77,'Água com Gás',1.000,7.00,7.00,'UN',1.000,7.00,1,'5102',NULL,0.00,0.00,'2026-04-28 23:05:42.956','2026-04-28 23:05:42.956'),(303,1,69,68,'Coca-Cola',3.000,6.00,18.00,'UN',3.000,6.00,1,'5102',NULL,0.00,0.00,'2026-04-29 00:38:38.780','2026-04-29 00:38:38.780'),(304,2,69,77,'Água com Gás',1.000,7.00,7.00,'UN',1.000,7.00,1,'5102',NULL,0.00,0.00,'2026-04-29 00:38:38.780','2026-04-29 00:38:38.780'),(305,3,69,70,'Fanta Laranja',1.000,6.00,6.00,'UN',1.000,6.00,1,'5102',NULL,0.00,0.00,'2026-04-29 00:38:38.780','2026-04-29 00:38:38.780'),(306,4,69,56,'Negroni',2.000,38.00,76.00,'UN',2.000,38.00,1,'5101',NULL,0.00,0.00,'2026-04-29 00:38:38.780','2026-04-29 00:38:38.780'),(307,1,70,47,'Brisket Sandwich',1.000,32.00,32.00,'UN',1.000,32.00,1,'5101',NULL,0.00,0.00,'2026-04-29 00:48:39.555','2026-04-29 00:48:39.555'),(308,2,70,68,'Coca-Cola',1.000,6.00,6.00,'UN',1.000,6.00,1,'5102',NULL,0.00,0.00,'2026-04-29 00:48:39.555','2026-04-29 00:48:39.555'),(309,1,71,58,'Caipiroska',3.000,25.00,75.00,'UN',3.000,25.00,1,'5101',NULL,0.00,0.00,'2026-04-29 00:59:36.458','2026-04-29 00:59:36.458'),(310,2,71,77,'Água com Gás',1.000,7.00,7.00,'UN',1.000,7.00,1,'5102',NULL,0.00,0.00,'2026-04-29 00:59:36.458','2026-04-29 00:59:36.458'),(311,3,71,87,'SODA ITALIANA',1.000,18.00,18.00,'UN',1.000,18.00,1,'5102',NULL,0.00,0.00,'2026-04-29 00:59:36.458','2026-04-29 00:59:36.458'),(312,4,71,125,'LIMONADA SUIÇA',1.000,18.00,18.00,'UN',1.000,18.00,1,'5102',NULL,0.00,0.00,'2026-04-29 00:59:36.458','2026-04-29 00:59:36.458'),(313,5,71,69,'Guaraná Zero',2.000,6.00,12.00,'UN',2.000,6.00,1,'5102',NULL,0.00,0.00,'2026-04-29 00:59:36.458','2026-04-29 00:59:36.458'),(314,6,71,88,'SHOT DE LIMAO',1.000,3.00,3.00,'UN',1.000,3.00,1,'5102',NULL,0.00,0.00,'2026-04-29 00:59:36.458','2026-04-29 00:59:36.458'),(315,1,72,77,'Água com Gás',1.000,7.00,7.00,'UN',1.000,7.00,1,'5102',NULL,0.00,0.00,'2026-04-29 01:21:02.465','2026-04-29 01:21:02.465'),(316,2,72,88,'SHOT DE LIMAO',1.000,3.00,3.00,'UN',1.000,3.00,1,'5102',NULL,0.00,0.00,'2026-04-29 01:21:02.465','2026-04-29 01:21:02.465'),(317,3,72,79,'Heineken 600ml',2.000,20.00,40.00,'UN',2.000,20.00,1,'5102',NULL,0.00,0.00,'2026-04-29 01:21:02.465','2026-04-29 01:21:02.465'),(318,4,72,26,'Fraldinha Fugazzetta Black Angus',1.000,109.00,109.00,'UN',1.000,109.00,1,'5101',NULL,0.00,0.00,'2026-04-29 01:21:02.465','2026-04-29 01:21:02.465'),(319,1,73,77,'Água com Gás',2.000,7.00,14.00,'UN',2.000,7.00,1,'5102',NULL,0.00,0.00,'2026-04-29 01:22:27.746','2026-04-29 01:22:27.746'),(320,2,73,88,'SHOT DE LIMAO',1.000,3.00,3.00,'UN',1.000,3.00,1,'5102',NULL,0.00,0.00,'2026-04-29 01:22:27.746','2026-04-29 01:22:27.746'),(321,3,73,78,'Heineken Longneck',1.000,12.00,12.00,'UN',1.000,12.00,1,'5102',NULL,0.00,0.00,'2026-04-29 01:22:27.746','2026-04-29 01:22:27.746'),(322,4,73,13,'Bolinho de Cupim',1.000,36.00,36.00,'UN',1.000,36.00,1,'5101',NULL,0.00,0.00,'2026-04-29 01:22:27.746','2026-04-29 01:22:27.746'),(323,5,73,24,'Baby Beef',1.000,105.00,105.00,'UN',1.000,105.00,1,'5101',NULL,0.00,0.00,'2026-04-29 01:22:27.746','2026-04-29 01:22:27.746'),(324,6,73,68,'Coca-Cola',1.000,6.00,6.00,'UN',1.000,6.00,1,'5102',NULL,0.00,0.00,'2026-04-29 01:22:27.746','2026-04-29 01:22:27.746'),(325,1,74,67,'Coca-Cola Zero',4.000,6.00,24.00,'UN',4.000,6.00,1,'5102',NULL,0.00,0.00,'2026-04-29 01:23:43.607','2026-04-29 01:23:43.607'),(326,2,74,47,'Brisket Sandwich',2.000,32.00,64.00,'UN',2.000,32.00,1,'5101',NULL,0.00,0.00,'2026-04-29 01:23:43.607','2026-04-29 01:23:43.607'),(327,3,74,48,'Cupim Sandwich',1.000,34.00,34.00,'UN',1.000,34.00,1,'5101',NULL,0.00,0.00,'2026-04-29 01:23:43.607','2026-04-29 01:23:43.607'),(328,4,74,44,'Sandwich Mignon',1.000,35.00,35.00,'UN',1.000,35.00,1,'5101',NULL,0.00,0.00,'2026-04-29 01:23:43.607','2026-04-29 01:23:43.607'),(329,5,74,69,'Guaraná Zero',1.000,6.00,6.00,'UN',1.000,6.00,1,'5102',NULL,0.00,0.00,'2026-04-29 01:23:43.607','2026-04-29 01:23:43.607'),(330,6,74,46,'Crispy Chicken',1.000,32.00,32.00,'UN',1.000,32.00,1,'5101',NULL,0.00,0.00,'2026-04-29 01:23:43.607','2026-04-29 01:23:43.607'),(331,1,75,79,'Heineken 600ml',2.000,20.00,40.00,'UN',2.000,20.00,1,'5102',NULL,0.00,0.00,'2026-04-29 01:24:20.636','2026-04-29 01:24:20.636'),(332,2,75,14,'Bolinho de Rabada',1.000,40.00,40.00,'UN',1.000,40.00,1,'5101',NULL,0.00,0.00,'2026-04-29 01:24:20.636','2026-04-29 01:24:20.636'),(333,1,76,77,'Água com Gás',1.000,7.00,7.00,'UN',1.000,7.00,1,'5102',NULL,0.00,0.00,'2026-04-29 01:24:50.099','2026-04-29 01:24:50.099'),(334,2,76,88,'SHOT DE LIMAO',1.000,3.00,3.00,'UN',1.000,3.00,1,'5102',NULL,0.00,0.00,'2026-04-29 01:24:50.099','2026-04-29 01:24:50.099'),(335,3,76,120,'Vinho Branco Alfacinha',1.000,90.00,90.00,'UN',1.000,90.00,1,'5102',NULL,0.00,0.00,'2026-04-29 01:24:50.099','2026-04-29 01:24:50.099'),(336,4,76,14,'Bolinho de Rabada',1.000,40.00,40.00,'UN',1.000,40.00,1,'5101',NULL,0.00,0.00,'2026-04-29 01:24:50.099','2026-04-29 01:24:50.099'),(337,5,76,21,'Picanha Angus',1.000,139.00,139.00,'UN',1.000,139.00,1,'5101',NULL,0.00,0.00,'2026-04-29 01:24:50.099','2026-04-29 01:24:50.099'),(338,1,77,82,'Amstel 600ml',1.000,14.00,14.00,'UN',1.000,14.00,1,'5102',NULL,0.00,0.00,'2026-04-29 01:25:24.942','2026-04-29 01:25:24.942'),(339,2,77,4,'Beef Tartare',1.000,55.00,55.00,'UN',1.000,55.00,1,'5101',NULL,0.00,0.00,'2026-04-29 01:25:24.942','2026-04-29 01:25:24.942'),(340,3,77,15,'Mignon alla Vodka',1.000,70.00,70.00,'UN',1.000,70.00,1,'5101',NULL,0.00,0.00,'2026-04-29 01:25:24.942','2026-04-29 01:25:24.942'),(341,4,77,59,'Caipirinha',1.000,18.00,18.00,'UN',1.000,18.00,1,'5101',NULL,0.00,0.00,'2026-04-29 01:25:24.942','2026-04-29 01:25:24.942'),(342,5,77,78,'Heineken Longneck',1.000,12.00,12.00,'UN',1.000,12.00,1,'5102',NULL,0.00,0.00,'2026-04-29 01:25:24.942','2026-04-29 01:25:24.942'),(343,1,78,82,'Amstel 600ml',2.000,14.00,28.00,'UN',2.000,14.00,1,'5102',NULL,0.00,0.00,'2026-04-29 01:25:50.214','2026-04-29 01:25:50.214'),(344,2,78,52,'Martini',1.000,32.00,32.00,'UN',1.000,32.00,1,'5101',NULL,0.00,0.00,'2026-04-29 01:25:50.214','2026-04-29 01:25:50.214'),(345,3,78,86,'GIN TONICA TROPICAL',1.000,32.00,32.00,'UN',1.000,32.00,1,'5102',NULL,0.00,0.00,'2026-04-29 01:25:50.214','2026-04-29 01:25:50.214'),(346,1,79,32,'Filé alla Parmigiana - Mignon',1.000,150.00,150.00,'UN',1.000,150.00,1,'5101',NULL,0.00,0.00,'2026-04-29 02:00:06.937','2026-04-29 02:00:06.937'),(347,2,79,67,'Coca-Cola Zero',1.000,6.00,6.00,'UN',1.000,6.00,1,'5102',NULL,0.00,0.00,'2026-04-29 02:00:06.937','2026-04-29 02:00:06.937');
/*!40000 ALTER TABLE `sale_items` ENABLE KEYS */;
UNLOCK TABLES;

--
-- Table structure for table `sale_payments`
--

DROP TABLE IF EXISTS `sale_payments`;
/*!40101 SET @saved_cs_client     = @@character_set_client */;
/*!50503 SET character_set_client = utf8mb4 */;
CREATE TABLE `sale_payments` (
  `id` int NOT NULL AUTO_INCREMENT,
  `sale_id` int NOT NULL,
  `method` varchar(191) CHARACTER SET utf8mb4 COLLATE utf8mb4_unicode_ci NOT NULL,
  `amount` decimal(10,2) NOT NULL,
  `change` decimal(10,2) NOT NULL DEFAULT '0.00',
  `created_at` datetime(3) NOT NULL DEFAULT CURRENT_TIMESTAMP(3),
  PRIMARY KEY (`id`),
  KEY `sale_payments_sale_id_idx` (`sale_id`),
  KEY `sale_payments_method_idx` (`method`),
  CONSTRAINT `sale_payments_sale_id_fkey` FOREIGN KEY (`sale_id`) REFERENCES `sales` (`id`) ON DELETE CASCADE ON UPDATE CASCADE
) ENGINE=InnoDB AUTO_INCREMENT=118 DEFAULT CHARSET=utf8mb4 COLLATE=utf8mb4_unicode_ci;
/*!40101 SET character_set_client = @saved_cs_client */;

--
-- Dumping data for table `sale_payments`
--

LOCK TABLES `sale_payments` WRITE;
/*!40000 ALTER TABLE `sale_payments` DISABLE KEYS */;
INSERT INTO `sale_payments` VALUES (1,1,'DINHEIRO',10.00,0.00,'2026-04-24 22:28:25.952'),(2,1,'CARTAO_CREDITO',18.00,0.00,'2026-04-24 22:28:25.952'),(3,2,'CARTAO_CREDITO',150.70,0.00,'2026-04-25 00:22:28.333'),(5,4,'CARTAO_CREDITO',123.20,0.00,'2026-04-25 01:42:53.480'),(8,6,'CARTAO_DEBITO',14.30,0.00,'2026-04-25 02:39:07.090'),(9,6,'CARTAO_CREDITO',14.30,0.00,'2026-04-25 02:39:07.090'),(10,7,'CARTAO_CREDITO',30.00,0.00,'2026-04-25 02:44:43.839'),(11,8,'DINHEIRO',200.00,0.00,'2026-04-25 02:51:21.225'),(12,8,'CARTAO_CREDITO',368.70,0.00,'2026-04-25 02:51:21.225'),(14,10,'CARTAO_DEBITO',94.60,0.00,'2026-04-25 02:59:47.187'),(18,12,'PIX',155.00,0.00,'2026-04-25 03:20:33.176'),(20,14,'CARTAO_CREDITO',223.30,0.00,'2026-04-25 03:26:35.233'),(21,15,'DINHEIRO',143.00,0.00,'2026-04-25 03:28:54.310'),(22,16,'DINHEIRO',65.00,0.00,'2026-04-25 03:35:10.631'),(23,16,'CARTAO_CREDITO',24.00,0.00,'2026-04-25 03:35:10.631'),(24,16,'CARTAO_CREDITO',24.00,0.00,'2026-04-25 03:35:10.631'),(25,16,'CARTAO_DEBITO',8.00,0.00,'2026-04-25 03:35:10.631'),(28,18,'CARTAO_CREDITO',35.00,0.00,'2026-04-25 03:42:40.343'),(29,18,'CARTAO_CREDITO',35.00,0.00,'2026-04-25 03:42:40.343'),(34,20,'CARTAO_DEBITO',117.17,0.00,'2026-04-25 04:04:15.515'),(35,21,'CARTAO_CREDITO',117.70,0.00,'2026-04-25 04:05:31.108'),(36,22,'CARTAO_CREDITO',155.00,0.00,'2026-04-25 04:08:46.394'),(37,23,'DINHEIRO',760.10,0.00,'2026-04-25 17:13:43.175'),(38,24,'DINHEIRO',905.30,0.00,'2026-04-25 17:14:04.964'),(39,25,'DINHEIRO',3.30,0.00,'2026-04-25 17:15:30.515'),(41,27,'CARTAO_CREDITO',159.50,0.00,'2026-04-26 00:04:34.368'),(42,28,'PIX',262.90,0.00,'2026-04-26 00:14:07.956'),(43,29,'DINHEIRO',190.00,0.00,'2026-04-26 00:51:42.256'),(44,30,'CARTAO_CREDITO',255.20,0.00,'2026-04-26 01:32:46.855'),(45,31,'PIX',213.00,0.00,'2026-04-26 01:41:50.002'),(46,31,'PIX',113.20,0.00,'2026-04-26 01:41:50.002'),(47,31,'DINHEIRO',470.00,0.00,'2026-04-26 01:41:50.002'),(48,31,'CARTAO_DEBITO',130.00,0.00,'2026-04-26 01:41:50.002'),(50,33,'CARTAO_DEBITO',286.00,0.00,'2026-04-26 02:01:45.846'),(54,36,'CARTAO_CREDITO',190.30,0.00,'2026-04-26 02:23:15.634'),(55,37,'CARTAO_CREDITO',139.70,0.00,'2026-04-26 02:24:09.977'),(56,38,'CARTAO_DEBITO',143.00,0.00,'2026-04-26 02:24:55.174'),(57,39,'PIX',106.00,0.00,'2026-04-26 02:26:37.456'),(58,39,'CARTAO_DEBITO',106.00,0.00,'2026-04-26 02:26:37.456'),(59,40,'PIX',275.00,0.00,'2026-04-26 02:27:24.479'),(60,41,'CARTAO_CREDITO',66.00,0.00,'2026-04-26 02:30:58.969'),(61,42,'PIX',4.80,0.00,'2026-04-26 02:41:27.871'),(62,43,'CARTAO_DEBITO',124.50,0.00,'2026-04-26 03:04:53.688'),(63,43,'CARTAO_CREDITO',150.00,0.00,'2026-04-26 03:04:53.688'),(64,43,'CARTAO_CREDITO',142.40,0.00,'2026-04-26 03:04:53.688'),(65,43,'CARTAO_DEBITO',110.00,0.00,'2026-04-26 03:04:53.688'),(66,44,'CARTAO_CREDITO',306.90,0.00,'2026-04-26 03:07:09.304'),(68,46,'PIX',81.00,0.00,'2026-04-26 03:13:02.254'),(69,46,'PIX',81.00,0.00,'2026-04-26 03:13:02.254'),(70,46,'CARTAO_DEBITO',87.00,0.00,'2026-04-26 03:13:02.254'),(71,46,'CARTAO_CREDITO',86.98,0.00,'2026-04-26 03:13:02.254'),(72,46,'CARTAO_CREDITO',36.00,0.00,'2026-04-26 03:13:02.254'),(73,47,'PIX',337.70,0.00,'2026-04-26 03:18:42.258'),(80,49,'DINHEIRO',321.75,0.00,'2026-04-26 04:31:19.430'),(81,49,'CARTAO_CREDITO',321.75,0.00,'2026-04-26 04:31:19.430'),(82,50,'PIX',748.00,0.00,'2026-04-26 04:38:43.837'),(83,50,'CARTAO_CREDITO',372.00,0.00,'2026-04-26 04:38:43.837'),(85,52,'PIX',64.00,0.00,'2026-04-26 14:57:09.687'),(86,53,'PIX',4.80,0.00,'2026-04-26 22:19:15.105'),(87,54,'PIX',309.10,0.00,'2026-04-27 00:14:55.021'),(89,56,'CARTAO_CREDITO',281.60,0.00,'2026-04-27 00:40:45.680'),(90,57,'CARTAO_DEBITO',132.00,0.00,'2026-04-27 00:43:51.152'),(91,57,'PIX',131.00,0.00,'2026-04-27 00:43:51.152'),(92,57,'DINHEIRO',140.00,0.00,'2026-04-27 00:43:51.152'),(93,58,'CARTAO_CREDITO',378.40,0.00,'2026-04-27 00:48:54.844'),(94,59,'PIX',227.70,0.00,'2026-04-27 00:49:20.627'),(95,60,'CARTAO_CREDITO',115.00,0.00,'2026-04-27 02:12:21.327'),(99,63,'CARTAO_CREDITO',168.30,0.00,'2026-04-27 02:21:29.403'),(100,64,'PIX',236.50,0.00,'2026-04-27 02:24:28.989'),(105,68,'CREDITO_LOJA',6.30,0.00,'2026-04-28 23:05:42.956'),(106,69,'CREDITO_LOJA',85.60,0.00,'2026-04-29 00:38:38.780'),(107,70,'CREDITO_LOJA',30.40,0.00,'2026-04-29 00:48:39.555'),(108,71,'CREDITO_LOJA',106.40,0.00,'2026-04-29 00:59:36.458'),(109,72,'CARTAO_CREDITO',174.90,0.00,'2026-04-29 01:21:02.465'),(110,73,'CARTAO_CREDITO',193.60,0.00,'2026-04-29 01:22:27.746'),(111,74,'PIX',195.00,0.00,'2026-04-29 01:23:43.607'),(112,75,'CARTAO_DEBITO',88.00,0.00,'2026-04-29 01:24:20.636'),(113,76,'CARTAO_CREDITO',306.90,0.00,'2026-04-29 01:24:50.099'),(114,77,'CARTAO_CREDITO',185.90,0.00,'2026-04-29 01:25:24.942'),(115,78,'CARTAO_CREDITO',101.20,0.00,'2026-04-29 01:25:50.214'),(116,79,'CARTAO_DEBITO',171.60,0.00,'2026-04-29 02:00:06.937');
/*!40000 ALTER TABLE `sale_payments` ENABLE KEYS */;
UNLOCK TABLES;

--
-- Table structure for table `sales`
--

DROP TABLE IF EXISTS `sales`;
/*!40101 SET @saved_cs_client     = @@character_set_client */;
/*!50503 SET character_set_client = utf8mb4 */;
CREATE TABLE `sales` (
  `id` int NOT NULL AUTO_INCREMENT,
  `client_id` int NOT NULL,
  `user_operator` varchar(191) CHARACTER SET utf8mb4 COLLATE utf8mb4_unicode_ci NOT NULL,
  `operator_id` int DEFAULT NULL,
  `date` datetime(3) NOT NULL DEFAULT CURRENT_TIMESTAMP(3),
  `total_products_without_discount` decimal(10,2) NOT NULL,
  `discount` decimal(10,2) NOT NULL DEFAULT '0.00',
  `total` decimal(10,2) NOT NULL,
  `profit_sale` decimal(10,2) NOT NULL,
  `is_paid` tinyint(1) NOT NULL DEFAULT '0',
  `cfop` varchar(191) CHARACTER SET utf8mb4 COLLATE utf8mb4_unicode_ci NOT NULL DEFAULT '5102',
  `fiscal_status` enum('PENDENTE','EMITIDA','CANCELADA','ERRO') CHARACTER SET utf8mb4 COLLATE utf8mb4_unicode_ci NOT NULL DEFAULT 'PENDENTE',
  `fiscal_key` varchar(191) CHARACTER SET utf8mb4 COLLATE utf8mb4_unicode_ci DEFAULT NULL,
  `fiscal_protocol` varchar(191) CHARACTER SET utf8mb4 COLLATE utf8mb4_unicode_ci DEFAULT NULL,
  `fiscal_emit_date` datetime(3) DEFAULT NULL,
  `fiscal_xml` longtext CHARACTER SET utf8mb4 COLLATE utf8mb4_unicode_ci,
  `service_charge` decimal(10,2) NOT NULL DEFAULT '0.00',
  `created_at` datetime(3) NOT NULL DEFAULT CURRENT_TIMESTAMP(3),
  `updated_at` datetime(3) NOT NULL,
  PRIMARY KEY (`id`),
  KEY `sales_client_id_idx` (`client_id`),
  KEY `sales_operator_id_idx` (`operator_id`),
  KEY `sales_date_idx` (`date`),
  KEY `sales_fiscal_status_idx` (`fiscal_status`),
  KEY `sales_fiscal_key_idx` (`fiscal_key`),
  CONSTRAINT `sales_client_id_fkey` FOREIGN KEY (`client_id`) REFERENCES `clients` (`id`) ON DELETE RESTRICT ON UPDATE CASCADE,
  CONSTRAINT `sales_operator_id_fkey` FOREIGN KEY (`operator_id`) REFERENCES `users` (`id`) ON DELETE SET NULL ON UPDATE CASCADE
) ENGINE=InnoDB AUTO_INCREMENT=81 DEFAULT CHARSET=utf8mb4 COLLATE=utf8mb4_unicode_ci;
/*!40101 SET character_set_client = @saved_cs_client */;

--
-- Dumping data for table `sales`
--

LOCK TABLES `sales` WRITE;
/*!40000 ALTER TABLE `sales` DISABLE KEYS */;
INSERT INTO `sales` VALUES (1,1,'Renan',2,'2026-04-24 19:28:25.947',28.00,0.00,28.00,28.00,1,'5102','PENDENTE',NULL,NULL,NULL,NULL,0.00,'2026-04-24 22:28:25.952','2026-04-24 22:28:25.952'),(2,1,'Renan',7,'2026-04-24 21:22:28.330',137.00,0.00,137.00,137.00,1,'5102','PENDENTE',NULL,NULL,NULL,NULL,13.70,'2026-04-25 00:22:28.333','2026-04-25 00:22:28.333'),(4,1,'Renan',7,'2026-04-24 22:42:53.474',112.00,0.00,112.00,112.00,1,'5102','PENDENTE',NULL,NULL,NULL,NULL,11.20,'2026-04-25 01:42:53.480','2026-04-25 01:42:53.480'),(6,1,'Renan',7,'2026-04-24 23:39:07.087',26.00,0.00,26.00,26.00,1,'5102','PENDENTE',NULL,NULL,NULL,NULL,2.60,'2026-04-25 02:39:07.090','2026-04-25 02:39:07.090'),(7,1,'Renan',7,'2026-04-24 23:44:43.836',30.00,0.00,30.00,30.00,1,'5102','PENDENTE',NULL,NULL,NULL,NULL,0.00,'2026-04-25 02:44:43.839','2026-04-25 02:44:43.839'),(8,1,'Renan',7,'2026-04-24 23:51:21.221',517.00,0.00,517.00,517.00,1,'5102','PENDENTE',NULL,NULL,NULL,NULL,51.70,'2026-04-25 02:51:21.225','2026-04-25 02:51:21.225'),(10,1,'Renan',7,'2026-04-24 23:59:47.183',86.00,0.00,86.00,86.00,1,'5102','PENDENTE',NULL,NULL,NULL,NULL,8.60,'2026-04-25 02:59:47.187','2026-04-25 02:59:47.187'),(12,1,'Aleff',3,'2026-04-24 00:20:33.173',155.00,0.00,155.00,155.00,1,'5102','PENDENTE',NULL,NULL,NULL,NULL,0.00,'2026-04-25 03:20:33.176','2026-04-25 03:20:33.176'),(14,1,'Aleff',3,'2026-04-24 23:00:00.000',203.00,0.00,203.00,203.00,1,'5102','PENDENTE',NULL,NULL,NULL,NULL,20.30,'2026-04-25 03:26:35.233','2026-04-25 03:26:35.233'),(15,1,'Aleff',3,'2026-04-24 23:00:00.000',130.00,0.00,130.00,130.00,1,'5102','PENDENTE',NULL,NULL,NULL,NULL,13.00,'2026-04-25 03:28:54.310','2026-04-25 03:28:54.310'),(16,1,'Aleff',3,'2026-04-24 23:00:00.000',110.00,0.00,110.00,110.00,1,'5102','PENDENTE',NULL,NULL,NULL,NULL,11.00,'2026-04-25 03:35:10.631','2026-04-25 03:35:10.631'),(18,1,'Aleff',3,'2026-04-24 23:00:00.000',70.00,0.00,70.00,70.00,1,'5102','PENDENTE',NULL,NULL,NULL,NULL,0.00,'2026-04-25 03:42:40.343','2026-04-25 03:42:40.343'),(20,1,'Aleff',3,'2026-04-24 23:00:00.000',106.00,0.00,106.00,106.00,1,'5102','PENDENTE',NULL,NULL,NULL,NULL,10.60,'2026-04-25 04:04:15.515','2026-04-25 04:04:15.515'),(21,1,'Aleff',3,'2026-04-24 23:00:00.000',107.00,0.00,107.00,107.00,1,'5102','PENDENTE',NULL,NULL,NULL,NULL,10.70,'2026-04-25 04:05:31.108','2026-04-25 04:05:31.108'),(22,1,'Aleff',3,'2026-04-24 23:00:00.000',155.00,0.00,155.00,155.00,1,'5102','PENDENTE',NULL,NULL,NULL,NULL,0.00,'2026-04-25 04:08:46.394','2026-04-25 04:08:46.394'),(23,1,'Root',1,'2026-04-24 14:13:43.158',691.00,0.00,691.00,691.00,1,'5102','PENDENTE',NULL,NULL,NULL,NULL,69.10,'2026-04-25 17:13:43.175','2026-04-25 17:13:43.175'),(24,1,'Root',1,'2026-04-24 14:14:04.949',823.00,0.00,823.00,823.00,1,'5102','PENDENTE',NULL,NULL,NULL,NULL,82.30,'2026-04-25 17:14:04.964','2026-04-25 17:14:04.964'),(25,1,'Root',1,'2026-04-24 14:15:30.510',3.00,0.00,3.00,3.00,1,'5102','PENDENTE',NULL,NULL,NULL,NULL,0.30,'2026-04-25 17:15:30.515','2026-04-25 17:15:30.515'),(27,1,'Murilo',6,'2026-04-25 21:04:34.361',145.00,0.00,145.00,145.00,1,'5102','PENDENTE',NULL,NULL,NULL,NULL,14.50,'2026-04-25 17:17:10.344','2026-04-26 00:04:34.368'),(28,1,'Murilo',6,'2026-04-25 21:14:07.952',239.00,0.00,239.00,239.00,1,'5102','PENDENTE',NULL,NULL,NULL,NULL,23.90,'2026-04-25 17:17:10.344','2026-04-26 00:14:07.956'),(29,1,'Murilo',6,'2026-04-25 21:51:42.249',179.00,6.90,172.10,172.10,1,'5102','PENDENTE',NULL,NULL,NULL,NULL,17.90,'2026-04-25 17:17:10.344','2026-04-26 00:51:42.256'),(30,1,'Murilo',6,'2026-04-25 22:32:46.850',232.00,0.00,232.00,232.00,1,'5102','PENDENTE',NULL,NULL,NULL,NULL,23.20,'2026-04-25 17:17:10.344','2026-04-26 01:32:46.855'),(31,1,'Murilo',6,'2026-04-25 22:41:49.994',866.00,26.40,839.60,839.60,1,'5102','PENDENTE',NULL,NULL,NULL,NULL,86.60,'2026-04-25 17:17:10.344','2026-04-26 01:41:50.002'),(33,1,'Murilo',6,'2026-04-25 23:01:45.842',260.00,0.00,260.00,260.00,1,'5102','PENDENTE',NULL,NULL,NULL,NULL,26.00,'2026-04-25 17:17:10.344','2026-04-26 02:01:45.846'),(36,1,'Murilo',6,'2026-04-25 23:23:15.631',173.00,0.00,173.00,173.00,1,'5102','PENDENTE',NULL,NULL,NULL,NULL,17.30,'2026-04-25 17:17:10.344','2026-04-26 02:23:15.634'),(37,1,'Murilo',6,'2026-04-25 23:24:09.974',127.00,0.00,127.00,127.00,1,'5102','PENDENTE',NULL,NULL,NULL,NULL,12.70,'2026-04-25 17:17:10.344','2026-04-26 02:24:09.977'),(38,1,'Murilo',6,'2026-04-25 23:24:55.171',130.00,0.00,130.00,130.00,1,'5102','PENDENTE',NULL,NULL,NULL,NULL,13.00,'2026-04-25 17:17:10.344','2026-04-26 02:24:55.174'),(39,1,'Murilo',6,'2026-04-25 23:26:37.452',212.00,21.20,190.80,190.80,1,'5102','PENDENTE',NULL,NULL,NULL,NULL,21.20,'2026-04-25 17:17:10.344','2026-04-26 02:26:37.456'),(40,1,'Murilo',6,'2026-04-25 23:27:24.474',250.00,0.00,250.00,250.00,1,'5102','PENDENTE',NULL,NULL,NULL,NULL,25.00,'2026-04-25 17:17:10.344','2026-04-26 02:27:24.479'),(41,1,'Murilo',6,'2026-04-25 23:30:58.966',60.00,0.00,60.00,60.00,1,'5102','PENDENTE',NULL,NULL,NULL,NULL,6.00,'2026-04-25 17:17:10.344','2026-04-26 02:30:58.969'),(42,1,'Murilo',6,'2026-04-25 23:41:27.868',52.00,47.20,4.80,4.80,1,'5102','PENDENTE',NULL,NULL,NULL,NULL,0.00,'2026-04-25 17:17:10.344','2026-04-26 02:41:27.871'),(43,1,'Murilo',6,'2026-04-26 00:04:53.684',479.00,0.00,479.00,479.00,1,'5102','PENDENTE',NULL,NULL,NULL,NULL,47.90,'2026-04-25 17:17:10.344','2026-04-26 03:04:53.688'),(44,1,'Murilo',6,'2026-04-26 00:07:09.301',279.00,0.00,279.00,279.00,1,'5102','PENDENTE',NULL,NULL,NULL,NULL,27.90,'2026-04-25 17:17:10.344','2026-04-26 03:07:09.304'),(46,1,'Murilo',6,'2026-04-26 00:13:02.250',372.00,2.00,370.00,370.00,1,'5102','PENDENTE',NULL,NULL,NULL,NULL,0.00,'2026-04-25 17:17:10.344','2026-04-26 03:13:02.254'),(47,1,'Murilo',6,'2026-04-26 00:18:42.254',307.00,0.00,307.00,307.00,1,'5102','PENDENTE',NULL,NULL,NULL,NULL,30.70,'2026-04-25 17:17:10.344','2026-04-26 03:18:42.258'),(49,1,'Murilo',6,'2026-04-26 01:31:19.426',585.00,0.00,585.00,585.00,1,'5102','PENDENTE',NULL,NULL,NULL,NULL,58.50,'2026-04-25 17:17:10.344','2026-04-26 04:31:19.430'),(50,1,'Murilo',6,'2026-04-26 01:38:43.831',1120.00,0.00,1120.00,1120.00,1,'5102','PENDENTE',NULL,NULL,NULL,NULL,0.00,'2026-04-25 17:17:10.344','2026-04-26 04:38:43.837'),(52,1,'Murilo',6,'2026-04-26 02:00:43.831',62.00,4.20,57.80,57.80,1,'5102','PENDENTE',NULL,NULL,NULL,NULL,6.20,'2026-04-25 17:17:10.344','2026-04-26 14:57:09.687'),(53,1,'Aleff',3,'2026-04-28 22:46:30.197',6.00,1.20,4.80,4.80,1,'5102','PENDENTE',NULL,NULL,NULL,NULL,0.00,'2026-04-26 22:19:15.105','2026-04-26 22:19:15.105'),(54,1,'Aleff',3,'2026-04-26 21:14:55.013',281.00,0.00,281.00,281.00,1,'5102','PENDENTE',NULL,NULL,NULL,NULL,28.10,'2026-04-27 00:14:55.021','2026-04-27 00:14:55.021'),(56,1,'Aleff',3,'2026-04-26 21:40:45.675',256.00,0.00,256.00,256.00,1,'5102','PENDENTE',NULL,NULL,NULL,NULL,25.60,'2026-04-27 00:40:45.680','2026-04-27 00:40:45.680'),(57,1,'Aleff',3,'2026-04-26 21:43:51.144',403.00,0.00,403.00,403.00,1,'5102','PENDENTE',NULL,NULL,NULL,NULL,0.00,'2026-04-27 00:43:51.152','2026-04-27 00:43:51.152'),(58,1,'Aleff',3,'2026-04-26 21:48:54.840',344.00,0.00,344.00,344.00,1,'5102','PENDENTE',NULL,NULL,NULL,NULL,34.40,'2026-04-27 00:48:54.844','2026-04-27 00:48:54.844'),(59,1,'Aleff',3,'2026-04-26 21:49:20.623',207.00,0.00,207.00,207.00,1,'5102','PENDENTE',NULL,NULL,NULL,NULL,20.70,'2026-04-27 00:49:20.627','2026-04-27 00:49:20.627'),(60,1,'Aleff',3,'2026-04-26 23:12:21.322',115.00,0.00,115.00,115.00,1,'5102','PENDENTE',NULL,NULL,NULL,NULL,0.00,'2026-04-27 02:12:21.327','2026-04-27 02:12:21.327'),(63,1,'Aleff',3,'2026-04-26 23:21:29.398',153.00,0.00,153.00,153.00,1,'5102','PENDENTE',NULL,NULL,NULL,NULL,15.30,'2026-04-27 02:21:29.403','2026-04-27 02:21:29.403'),(64,1,'Aleff',3,'2026-04-26 23:24:28.985',215.00,0.00,215.00,215.00,1,'5102','PENDENTE',NULL,NULL,NULL,NULL,21.50,'2026-04-27 02:24:28.989','2026-04-27 02:24:28.989'),(68,2,'Aleff',3,'2026-04-28 23:05:42.952',7.00,1.40,5.60,5.60,0,'5102','PENDENTE',NULL,NULL,NULL,NULL,0.70,'2026-04-28 23:05:42.952','2026-04-28 23:05:42.956'),(69,2,'Aleff',3,'2026-04-29 00:38:38.775',107.00,21.40,85.60,85.60,0,'5102','PENDENTE',NULL,NULL,NULL,NULL,0.00,'2026-04-29 00:38:38.775','2026-04-29 00:38:38.780'),(70,3,'Aleff',3,'2026-04-29 00:48:39.552',38.00,7.60,30.40,30.40,0,'5102','PENDENTE',NULL,NULL,NULL,NULL,0.00,'2026-04-29 00:48:39.552','2026-04-29 00:48:39.555'),(71,9,'Aleff',3,'2026-04-29 00:59:36.452',133.00,26.60,106.40,106.40,0,'5102','PENDENTE',NULL,NULL,NULL,NULL,0.00,'2026-04-29 00:59:36.452','2026-04-29 00:59:36.458'),(72,1,'Aleff',3,'2026-04-29 01:21:02.460',159.00,0.00,159.00,159.00,1,'5102','PENDENTE',NULL,NULL,NULL,NULL,15.90,'2026-04-29 01:21:02.460','2026-04-29 01:21:02.465'),(73,1,'Aleff',3,'2026-04-29 01:22:27.742',176.00,0.00,176.00,176.00,1,'5102','PENDENTE',NULL,NULL,NULL,NULL,17.60,'2026-04-29 01:22:27.742','2026-04-29 01:22:27.746'),(74,1,'Aleff',3,'2026-04-29 01:23:43.602',195.00,0.00,195.00,195.00,1,'5102','PENDENTE',NULL,NULL,NULL,NULL,0.00,'2026-04-29 01:23:43.602','2026-04-29 01:23:43.607'),(75,1,'Aleff',3,'2026-04-29 01:24:20.633',80.00,0.00,80.00,80.00,1,'5102','PENDENTE',NULL,NULL,NULL,NULL,8.00,'2026-04-29 01:24:20.633','2026-04-29 01:24:20.636'),(76,1,'Aleff',3,'2026-04-29 01:24:50.095',279.00,0.00,279.00,279.00,1,'5102','PENDENTE',NULL,NULL,NULL,NULL,27.90,'2026-04-29 01:24:50.095','2026-04-29 01:24:50.099'),(77,1,'Aleff',3,'2026-04-29 01:25:24.938',169.00,0.00,169.00,169.00,1,'5102','PENDENTE',NULL,NULL,NULL,NULL,16.90,'2026-04-29 01:25:24.938','2026-04-29 01:25:24.942'),(78,1,'Aleff',3,'2026-04-29 01:25:50.211',92.00,0.00,92.00,92.00,1,'5102','PENDENTE',NULL,NULL,NULL,NULL,9.20,'2026-04-29 01:25:50.211','2026-04-29 01:25:50.214'),(79,1,'Aleff',3,'2026-04-29 02:00:06.931',156.00,0.00,156.00,156.00,1,'5102','PENDENTE',NULL,NULL,NULL,NULL,15.60,'2026-04-29 02:00:06.931','2026-04-29 02:00:06.937');
/*!40000 ALTER TABLE `sales` ENABLE KEYS */;
UNLOCK TABLES;

--
-- Table structure for table `tables`
--

DROP TABLE IF EXISTS `tables`;
/*!40101 SET @saved_cs_client     = @@character_set_client */;
/*!50503 SET character_set_client = utf8mb4 */;
CREATE TABLE `tables` (
  `id` int NOT NULL AUTO_INCREMENT,
  `number` int NOT NULL,
  `capacity` int NOT NULL,
  `status` enum('AVAILABLE','OCCUPIED','RESERVED') CHARACTER SET utf8mb4 COLLATE utf8mb4_unicode_ci NOT NULL DEFAULT 'AVAILABLE',
  `customer` varchar(191) CHARACTER SET utf8mb4 COLLATE utf8mb4_unicode_ci DEFAULT NULL,
  `time` varchar(191) CHARACTER SET utf8mb4 COLLATE utf8mb4_unicode_ci DEFAULT NULL,
  `location_id` int NOT NULL,
  `order_id` int DEFAULT NULL,
  `created_at` datetime(3) NOT NULL DEFAULT CURRENT_TIMESTAMP(3),
  `updated_at` datetime(3) NOT NULL,
  PRIMARY KEY (`id`),
  UNIQUE KEY `tables_number_location_id_key` (`number`,`location_id`),
  UNIQUE KEY `tables_order_id_key` (`order_id`),
  KEY `tables_location_id_idx` (`location_id`),
  KEY `tables_status_idx` (`status`),
  CONSTRAINT `tables_location_id_fkey` FOREIGN KEY (`location_id`) REFERENCES `production_locations` (`id`) ON DELETE RESTRICT ON UPDATE CASCADE,
  CONSTRAINT `tables_order_id_fkey` FOREIGN KEY (`order_id`) REFERENCES `orders` (`id`) ON DELETE SET NULL ON UPDATE CASCADE
) ENGINE=InnoDB AUTO_INCREMENT=44 DEFAULT CHARSET=utf8mb4 COLLATE=utf8mb4_unicode_ci;
/*!40101 SET character_set_client = @saved_cs_client */;

--
-- Dumping data for table `tables`
--

LOCK TABLES `tables` WRITE;
/*!40000 ALTER TABLE `tables` DISABLE KEYS */;
INSERT INTO `tables` VALUES (1,1,6,'AVAILABLE',NULL,NULL,2,NULL,'2026-04-24 20:44:42.156','2026-04-26 22:36:28.946'),(2,2,4,'AVAILABLE',NULL,NULL,2,NULL,'2026-04-24 20:44:42.172','2026-04-26 04:03:55.121'),(3,3,6,'AVAILABLE',NULL,NULL,2,NULL,'2026-04-24 20:44:42.188','2026-04-26 23:58:28.801'),(4,4,6,'AVAILABLE',NULL,NULL,2,NULL,'2026-04-24 20:44:42.201','2026-04-25 20:58:45.042'),(5,50,8,'AVAILABLE',NULL,NULL,2,NULL,'2026-04-24 20:44:42.214','2026-04-28 22:47:29.999'),(6,6,4,'OCCUPIED','Juan',NULL,2,89,'2026-04-24 20:44:42.229','2026-04-29 00:42:37.779'),(7,7,4,'AVAILABLE',NULL,NULL,2,NULL,'2026-04-24 20:44:42.243','2026-04-26 04:04:12.963'),(8,8,6,'AVAILABLE',NULL,NULL,2,NULL,'2026-04-24 20:44:42.258','2026-04-26 04:33:14.730'),(9,9,8,'AVAILABLE',NULL,NULL,2,NULL,'2026-04-24 20:44:42.272','2026-04-26 02:58:01.168'),(10,10,6,'AVAILABLE',NULL,NULL,2,NULL,'2026-04-24 20:44:42.287','2026-04-26 03:05:05.224'),(11,11,4,'AVAILABLE',NULL,NULL,2,NULL,'2026-04-24 20:44:42.301','2026-04-29 01:24:15.615'),(12,12,6,'AVAILABLE',NULL,NULL,2,NULL,'2026-04-24 20:44:42.315','2026-04-26 02:20:59.419'),(13,13,8,'AVAILABLE',NULL,NULL,2,NULL,'2026-04-24 20:44:42.329','2026-04-26 04:33:05.102'),(14,16,6,'AVAILABLE',NULL,NULL,2,NULL,'2026-04-24 20:44:42.349','2026-04-27 00:39:19.217'),(15,15,6,'AVAILABLE',NULL,NULL,2,NULL,'2026-04-24 20:44:42.364','2026-04-29 00:42:00.049'),(16,14,8,'AVAILABLE',NULL,NULL,2,NULL,'2026-04-24 20:44:42.379','2026-04-26 04:04:33.409'),(17,17,6,'OCCUPIED','nnn',NULL,2,110,'2026-04-24 20:44:42.395','2026-04-29 01:33:28.582'),(18,18,8,'OCCUPIED','Murillo',NULL,2,111,'2026-04-24 20:44:42.409','2026-04-29 01:39:12.539'),(19,19,8,'AVAILABLE',NULL,NULL,2,NULL,'2026-04-24 20:44:42.424','2026-04-26 01:48:48.468'),(20,20,6,'AVAILABLE',NULL,NULL,2,NULL,'2026-04-24 20:44:42.438','2026-04-29 01:55:41.775'),(21,21,6,'AVAILABLE',NULL,NULL,2,NULL,'2026-04-24 20:44:42.453','2026-04-29 00:54:45.232'),(22,22,4,'AVAILABLE',NULL,NULL,2,NULL,'2026-04-24 20:44:42.467','2026-04-29 00:30:29.662'),(23,5,6,'AVAILABLE',NULL,NULL,2,NULL,'2026-04-24 20:44:42.481','2026-04-25 04:03:23.119'),(24,24,4,'AVAILABLE',NULL,NULL,2,NULL,'2026-04-25 00:37:10.759','2026-04-27 01:23:21.166'),(25,25,2,'AVAILABLE',NULL,NULL,2,NULL,'2026-04-25 00:37:31.171','2026-04-25 23:56:31.550'),(26,26,2,'AVAILABLE',NULL,NULL,2,NULL,'2026-04-25 00:37:39.995','2026-04-27 00:39:11.962'),(27,27,2,'AVAILABLE',NULL,NULL,2,NULL,'2026-04-25 00:37:53.388','2026-04-26 02:19:48.226'),(28,28,2,'AVAILABLE',NULL,NULL,2,NULL,'2026-04-25 00:38:00.502','2026-04-26 04:15:20.259'),(29,29,2,'AVAILABLE','',NULL,2,NULL,'2026-04-25 00:38:18.470','2026-04-27 00:31:27.076'),(30,23,4,'AVAILABLE',NULL,NULL,2,NULL,'2026-04-25 01:15:19.333','2026-04-27 01:04:57.500'),(32,31,6,'AVAILABLE',NULL,NULL,2,NULL,'2026-04-28 22:26:40.958','2026-04-28 22:26:40.958'),(33,30,6,'AVAILABLE',NULL,NULL,2,NULL,'2026-04-28 22:26:59.553','2026-04-28 22:26:59.553'),(34,32,6,'AVAILABLE',NULL,NULL,2,NULL,'2026-04-28 22:27:14.747','2026-04-28 22:27:14.747'),(35,33,6,'AVAILABLE',NULL,NULL,2,NULL,'2026-04-28 22:27:22.953','2026-04-28 22:29:49.738'),(36,34,6,'AVAILABLE',NULL,NULL,2,NULL,'2026-04-28 22:27:40.336','2026-04-28 22:29:40.910'),(37,35,6,'AVAILABLE',NULL,NULL,2,NULL,'2026-04-28 22:27:54.696','2026-04-28 22:29:44.764'),(38,36,6,'OCCUPIED','nn',NULL,2,91,'2026-04-28 22:28:18.375','2026-04-28 22:30:29.177'),(39,37,6,'AVAILABLE',NULL,NULL,2,NULL,'2026-04-28 22:28:36.581','2026-04-28 22:28:52.985'),(40,38,6,'AVAILABLE',NULL,NULL,1,NULL,'2026-04-28 22:28:45.340','2026-04-28 22:28:45.340'),(41,38,6,'OCCUPIED','nnn',NULL,2,92,'2026-04-28 22:29:33.382','2026-04-28 22:30:51.161'),(42,39,6,'OCCUPIED','Rafa',NULL,2,109,'2026-04-28 22:31:00.489','2026-04-29 01:20:17.768'),(43,40,6,'AVAILABLE',NULL,NULL,2,NULL,'2026-04-28 22:31:49.746','2026-04-29 00:57:27.422');
/*!40000 ALTER TABLE `tables` ENABLE KEYS */;
UNLOCK TABLES;

--
-- Table structure for table `users`
--

DROP TABLE IF EXISTS `users`;
/*!40101 SET @saved_cs_client     = @@character_set_client */;
/*!50503 SET character_set_client = utf8mb4 */;
CREATE TABLE `users` (
  `id` int NOT NULL AUTO_INCREMENT,
  `username` varchar(191) CHARACTER SET utf8mb4 COLLATE utf8mb4_unicode_ci NOT NULL,
  `password` varchar(191) CHARACTER SET utf8mb4 COLLATE utf8mb4_unicode_ci NOT NULL,
  `role` varchar(191) CHARACTER SET utf8mb4 COLLATE utf8mb4_unicode_ci NOT NULL DEFAULT 'USER',
  `active` tinyint(1) NOT NULL DEFAULT '1',
  `workplace` varchar(191) CHARACTER SET utf8mb4 COLLATE utf8mb4_unicode_ci NOT NULL,
  `created_at` datetime(3) NOT NULL DEFAULT CURRENT_TIMESTAMP(3),
  `updated_at` datetime(3) NOT NULL,
  `deleted_at` datetime(3) DEFAULT NULL,
  PRIMARY KEY (`id`),
  UNIQUE KEY `users_username_key` (`username`),
  KEY `users_role_idx` (`role`),
  KEY `users_active_idx` (`active`)
) ENGINE=InnoDB AUTO_INCREMENT=10 DEFAULT CHARSET=utf8mb4 COLLATE=utf8mb4_unicode_ci;
/*!40101 SET character_set_client = @saved_cs_client */;

--
-- Dumping data for table `users`
--

LOCK TABLES `users` WRITE;
/*!40000 ALTER TABLE `users` DISABLE KEYS */;
INSERT INTO `users` VALUES (1,'Root','$2b$10$HQjOlL1zI9h..nXY00AO/umVhvurDPjWk1Y00Sv8SCiXGWCCY.EAS','admin',1,'','2026-04-24 20:44:39.616','2026-04-24 20:44:39.616',NULL),(2,'Andrei','$2b$10$nydhxPpxOzm6nTqtPQlPiOfSJ9L0sC.CIhldQO3Hbs.NEFqNbqjtK','garcom',1,'BAR','2026-04-24 20:44:39.728','2026-04-24 20:44:39.728',NULL),(3,'Aleff','$2b$10$gtfwnCmgxJCVYHTLOltKrONRBdFGdq2dgjr.4HwQ3jCnD3H1nbTY2','admin',1,'BAR','2026-04-24 20:44:39.839','2026-04-24 22:41:01.048',NULL),(4,'Cauaale','$2b$10$jxtQJG/veRBcl6.y38Yqseb0kjTu8qbGSuRuyvZ1CQ6UUGoTMAuKy','garcom',1,'BAR','2026-04-24 20:44:39.950','2026-04-24 20:44:39.950',NULL),(5,'MariaLuiza','$2b$10$l1sQzsfVAcU17P1jP/c7heGS0g1tmN3D3J7cCnyEWRv0Ti/0O.TY2','garcom',1,'BAR','2026-04-24 20:44:40.058','2026-04-24 20:44:40.058',NULL),(6,'Murilo','$2b$10$Xj.RJICuUoIQBt7OcXDgP.0WsBg1VEbas1NKTSeE8/tthdpkuai7i','admin',1,'BAR','2026-04-24 20:44:40.165','2026-04-24 20:44:40.165',NULL),(7,'Renan','$2b$10$e/3UZii2KNy2VDcKKB4VQ.oR.FldJakD7wudJMajKpKdR26m/Ngea','admin',1,'BAR','2026-04-24 20:44:40.273','2026-04-24 20:44:40.273',NULL),(8,'Luciana','$2b$10$7MnhmwuPc9gx7xbu/gJ1SObl1.FkBtPExKyRF3.I6tK/jgsVXgbCi','admin',1,'BAR','2026-04-24 20:44:40.381','2026-04-24 20:44:40.381',NULL),(9,'domjuan','$2b$10$wLWXi/XAf90rQyOfAo476udUaltXEYUc56yN/4lY3XV3vpsZsJOtS','cozinheiro',1,'BAR','2026-04-24 20:44:40.491','2026-04-24 20:44:40.491',NULL);
/*!40000 ALTER TABLE `users` ENABLE KEYS */;
UNLOCK TABLES;
/*!40103 SET TIME_ZONE=@OLD_TIME_ZONE */;

/*!40101 SET SQL_MODE=@OLD_SQL_MODE */;
/*!40014 SET FOREIGN_KEY_CHECKS=@OLD_FOREIGN_KEY_CHECKS */;
/*!40014 SET UNIQUE_CHECKS=@OLD_UNIQUE_CHECKS */;
/*!40101 SET CHARACTER_SET_CLIENT=@OLD_CHARACTER_SET_CLIENT */;
/*!40101 SET CHARACTER_SET_RESULTS=@OLD_CHARACTER_SET_RESULTS */;
/*!40101 SET COLLATION_CONNECTION=@OLD_COLLATION_CONNECTION */;
/*!40111 SET SQL_NOTES=@OLD_SQL_NOTES */;

-- Dump completed on 2026-04-29 10:40:01
